{
  "abidjan": {
    "been": false,
    "coords": "5°19′N, 4°2′W",
    "country": "CI",
    "link": "https://en.wikipedia.org/wiki/Abidjan",
    "name": "Abidjan"
  },
  "abu-dhabi": {
    "been": false,
    "coords": "24°28′N, 54°22′E",
    "country": "AE",
    "link": "https://en.wikipedia.org/wiki/Abu_Dhabi",
    "name": "Abu Dhabi"
  },
  "abuja": {
    "been": false,
    "coords": "9°4′N, 7°29′E",
    "country": "NG",
    "link": "https://en.wikipedia.org/wiki/Abuja",
    "name": "Abuja"
  },
  "accra": {
    "been": false,
    "coords": "5°33′N, 0°12′W",
    "country": "GH",
    "link": "https://en.wikipedia.org/wiki/Accra",
    "name": "Accra"
  },
  "adamstown": {
    "been": false,
    "coords": "25°4′S, 130°6′W",
    "country": "PN",
    "link": "https://en.wikipedia.org/wiki/Adamstown,_Pitcairn_Islands",
    "name": "Adamstown"
  },
  "addis-ababa": {
    "been": true,
    "coords": "9°1′48″N, 38°44′24″E",
    "country": "ET",
    "link": "https://en.wikipedia.org/wiki/Addis_Ababa",
    "name": "Addis Ababa"
  },
  "aden": {
    "been": false,
    "coords": "12°48′N, 45°02′E",
    "country": "YE",
    "link": "https://en.wikipedia.org/wiki/Aden",
    "name": "Aden"
  },
  "algiers": {
    "been": false,
    "coords": "36°45′14″N, 3°3′32″E",
    "country": "DZ",
    "link": "https://en.wikipedia.org/wiki/Algiers",
    "name": "Algiers"
  },
  "almaty": {
    "been": false,
    "coords": "43°14′24″N, 76°54′54″E",
    "country": "KZ",
    "link": "https://en.wikipedia.org/wiki/Almaty",
    "name": "Almaty"
  },
  "alofi": {
    "been": false,
    "coords": "19°03′15″S, 169°55′10″W",
    "country": "NU",
    "link": "https://en.wikipedia.org/wiki/Alofi",
    "name": "Alofi"
  },
  "amman": {
    "been": false,
    "coords": "31°56′59″N, 35°55′58″E",
    "country": "JO",
    "link": "https://en.wikipedia.org/wiki/Amman",
    "name": "Amman"
  },
  "amsterdam": {
    "been": true,
    "coords": "52°22′22″N, 04°53′37″E",
    "country": "NL",
    "link": "https://en.wikipedia.org/wiki/Amsterdam",
    "name": "Amsterdam"
  },
  "andorra-la-vella": {
    "been": true,
    "coords": "42°30′N, 01°30′E",
    "country": "AD",
    "link": "https://en.wikipedia.org/wiki/Andorra_la_Vella",
    "name": "Andorra la Vella"
  },
  "ankara": {
    "been": false,
    "coords": "39.941°N, 32.864°E",
    "country": "TR",
    "link": "https://en.wikipedia.org/wiki/Ankara",
    "name": "Ankara"
  },
  "antananarivo": {
    "been": false,
    "coords": "18°54′36″S, 47°31′30″E",
    "country": "MG",
    "link": "https://en.wikipedia.org/wiki/Antananarivo",
    "name": "Antananarivo"
  },
  "apia": {
    "been": false,
    "coords": "13°50′S, 171°45′W",
    "country": "WS",
    "link": "https://en.wikipedia.org/wiki/Apia",
    "name": "Apia"
  },
  "ashgabat": {
    "been": false,
    "coords": "37°56′15″N, 58°22′48″E",
    "country": "TM",
    "link": "https://en.wikipedia.org/wiki/Ashgabat",
    "name": "Ashgabat"
  },
  "asmara": {
    "been": false,
    "coords": "15°19′22″N, 38°55′30″E",
    "country": "ER",
    "link": "https://en.wikipedia.org/wiki/Asmara",
    "name": "Asmara"
  },
  "astana": {
    "been": false,
    "coords": "51°08′50″N, 71°25′20″E",
    "country": "KZ",
    "link": "https://en.wikipedia.org/wiki/Astana",
    "name": "Astana"
  },
  "asuncion": {
    "been": false,
    "coords": "25°18′S, 57°38′W",
    "country": "PY",
    "link": "https://en.wikipedia.org/wiki/Asunci%C3%B3n",
    "name": "Asunción"
  },
  "athens": {
    "been": false,
    "coords": "37°59′03″N, 23°43′41″E",
    "country": "GR",
    "link": "https://en.wikipedia.org/wiki/Athens",
    "name": "Athens"
  },
  "avarua": {
    "been": false,
    "coords": "21°12′25″S, 159°46′15″W",
    "country": "CK",
    "link": "https://en.wikipedia.org/wiki/Avarua",
    "name": "Avarua"
  },
  "baghdad": {
    "been": false,
    "coords": "33°18′55″N, 44°21′58″E",
    "country": "IQ",
    "link": "https://en.wikipedia.org/wiki/Baghdad",
    "name": "Baghdad"
  },
  "baku": {
    "been": false,
    "coords": "40°23′43″N, 49°52′56″E",
    "country": "AZ",
    "link": "https://en.wikipedia.org/wiki/Baku",
    "name": "Baku"
  },
  "bamako": {
    "been": true,
    "coords": "12°38′21″N, 8°0′10″W",
    "country": "ML",
    "link": "https://en.wikipedia.org/wiki/Bamako",
    "name": "Bamako"
  },
  "bandar-seri-begawan": {
    "been": false,
    "coords": "4.890278°N, 114.942222°E",
    "country": "BN",
    "link": "https://en.wikipedia.org/wiki/Bandar_Seri_Begawan",
    "name": "Bandar Seri Begawan"
  },
  "bangkok": {
    "been": true,
    "coords": "13°45′09″N, 100°29′39″E",
    "country": "TH",
    "link": "https://en.wikipedia.org/wiki/Bangkok",
    "name": "Bangkok"
  },
  "bangui": {
    "been": false,
    "coords": "04°22′24″N, 18°33′46″E",
    "country": "CF",
    "link": "https://en.wikipedia.org/wiki/Bangui",
    "name": "Bangui"
  },
  "banjul": {
    "been": true,
    "coords": "13°27′11″N, 16°34′39″W",
    "country": "GM",
    "link": "https://en.wikipedia.org/wiki/Banjul",
    "name": "Banjul"
  },
  "basseterre": {
    "been": false,
    "coords": "17°18′N, 62°44′W",
    "country": "KN",
    "link": "https://en.wikipedia.org/wiki/Basseterre",
    "name": "Basseterre"
  },
  "beijing": {
    "been": false,
    "coords": "39°54′24″N, 116°23′51″E",
    "country": "CN",
    "link": "https://en.wikipedia.org/wiki/Beijing",
    "name": "Beijing"
  },
  "beirut": {
    "been": false,
    "coords": "33°53′53″N, 35°30′21″E",
    "country": "LB",
    "link": "https://en.wikipedia.org/wiki/Beirut",
    "name": "Beirut"
  },
  "belgrade": {
    "been": true,
    "coords": "44°49′04″N, 20°27′25″E",
    "country": "RS",
    "link": "https://en.wikipedia.org/wiki/Belgrade",
    "name": "Belgrade"
  },
  "belize-city": {
    "been": false,
    "coords": "17°29′55″N, 88°11′19″W",
    "country": "BZ",
    "link": "https://en.wikipedia.org/wiki/Belize_City",
    "name": "Belize City"
  },
  "belmopan": {
    "been": false,
    "coords": "17°15′5″N, 88°46′1″W",
    "country": "BZ",
    "link": "https://en.wikipedia.org/wiki/Belmopan",
    "name": "Belmopan"
  },
  "berlin": {
    "been": true,
    "coords": "52°31′12″N, 13°24′18″E",
    "country": "DE",
    "link": "https://en.wikipedia.org/wiki/Berlin",
    "name": "Berlin"
  },
  "bern": {
    "been": true,
    "coords": "46°57′08.66″N, 7°26′22.50″E",
    "country": "CH",
    "link": "https://en.wikipedia.org/wiki/Bern",
    "name": "Bern"
  },
  "bishkek": {
    "been": false,
    "coords": "42°52′29″N, 74°36′44″E",
    "country": "KG",
    "link": "https://en.wikipedia.org/wiki/Bishkek",
    "name": "Bishkek"
  },
  "bissau": {
    "been": false,
    "coords": "11°51′N, 15°34′W",
    "country": "GW",
    "link": "https://en.wikipedia.org/wiki/Bissau",
    "name": "Bissau"
  },
  "bloemfontein": {
    "been": false,
    "coords": "29°07′S, 26°13′E",
    "country": "ZA",
    "link": "https://en.wikipedia.org/wiki/Bloemfontein",
    "name": "Bloemfontein"
  },
  "bogota": {
    "been": false,
    "coords": "4°42′40″N, 74°4′20″W",
    "country": "CO",
    "link": "https://en.wikipedia.org/wiki/Bogot%C3%A1",
    "name": "Bogotá"
  },
  "bonn": {
    "been": false,
    "coords": "50°44′N, 7°6′E",
    "country": "DE",
    "link": "https://en.wikipedia.org/wiki/Bonn",
    "name": "Bonn"
  },
  "brades": {
    "been": false,
    "coords": "16°47′34″N, 62°12′38″W",
    "country": "MS",
    "link": "https://en.wikipedia.org/wiki/Brades",
    "name": "Brades"
  },
  "brasilia": {
    "been": false,
    "coords": "15°47′38″S, 47°52′58″W",
    "country": "BR",
    "link": "https://en.wikipedia.org/wiki/Bras%C3%ADlia",
    "name": "Brasília"
  },
  "bratislava": {
    "been": true,
    "coords": "48°08′38″N, 17°06′35″E",
    "country": "SK",
    "link": "https://en.wikipedia.org/wiki/Bratislava",
    "name": "Bratislava"
  },
  "brazzaville": {
    "been": false,
    "coords": "04°16′10″S, 15°16′16″E",
    "country": "CG",
    "link": "https://en.wikipedia.org/wiki/Brazzaville",
    "name": "Brazzaville"
  },
  "bridgetown": {
    "been": false,
    "coords": "13.106°N, 59.632°W",
    "country": "BB",
    "link": "https://en.wikipedia.org/wiki/Bridgetown",
    "name": "Bridgetown"
  },
  "brussels": {
    "been": true,
    "coords": "50°50′48″N, 04°21′09″E",
    "country": "EU",
    "link": "https://en.wikipedia.org/wiki/City_of_Brussels",
    "name": "Brussels"
  },
  "bucharest": {
    "been": false,
    "coords": "44°25′57″N, 26°6′14″E",
    "country": "RO",
    "link": "https://en.wikipedia.org/wiki/Bucharest",
    "name": "Bucharest"
  },
  "budapest": {
    "been": true,
    "coords": "47°29′33″N, 19°03′05″E",
    "country": "HU",
    "link": "https://en.wikipedia.org/wiki/Budapest",
    "name": "Budapest"
  },
  "buenos-aires": {
    "been": false,
    "coords": "34°36′12″S, 58°22′54″W",
    "country": "AR",
    "link": "https://en.wikipedia.org/wiki/Buenos_Aires",
    "name": "Buenos Aires"
  },
  "bujumbura": {
    "been": false,
    "coords": "3°23′S, 29°22′E",
    "country": "BI",
    "link": "https://en.wikipedia.org/wiki/Bujumbura",
    "name": "Bujumbura"
  },
  "cairo": {
    "been": true,
    "coords": "30°2′40″N, 31°14′9″E",
    "country": "EG",
    "link": "https://en.wikipedia.org/wiki/Cairo",
    "name": "Cairo"
  },
  "canberra": {
    "been": false,
    "coords": "35°17′35″S, 149°07′37″E",
    "country": "AU",
    "link": "https://en.wikipedia.org/wiki/Canberra",
    "name": "Canberra"
  },
  "cape-town": {
    "been": false,
    "coords": "33°55′31″S, 18°25′26″E",
    "country": "ZA",
    "link": "https://en.wikipedia.org/wiki/Cape_Town",
    "name": "Cape Town"
  },
  "caracas": {
    "been": false,
    "coords": "10°28′50″N, 66°54′13″W",
    "country": "VE",
    "link": "https://en.wikipedia.org/wiki/Caracas",
    "name": "Caracas"
  },
  "castries": {
    "been": false,
    "coords": "14°01′N, 60°59′W",
    "country": "LC",
    "link": "https://en.wikipedia.org/wiki/Castries",
    "name": "Castries"
  },
  "charlotte-amalie": {
    "been": false,
    "coords": "18°21′N, 64°57′W",
    "country": "VI",
    "link": "https://en.wikipedia.org/wiki/Charlotte_Amalie,_U.S._Virgin_Islands",
    "name": "Charlotte Amalie"
  },
  "chisinau": {
    "been": true,
    "coords": "47°0′N, 28°55′E",
    "country": "MD",
    "link": "https://en.wikipedia.org/wiki/Chi%C8%99in%C4%83u",
    "name": "Chișinău"
  },
  "cockburn-town": {
    "been": false,
    "coords": "21.459°N, 71.139°W",
    "country": "TC",
    "link": "https://en.wikipedia.org/wiki/Cockburn_Town",
    "name": "Cockburn Town"
  },
  "colombo": {
    "been": false,
    "coords": "6°56′04″N, 79°50′34″E",
    "country": "LK",
    "link": "https://en.wikipedia.org/wiki/Colombo",
    "name": "Colombo"
  },
  "comayaguela": {
    "been": false,
    "coords": "14°06′21″N, 87°12′17″W",
    "country": "HN",
    "link": "https://en.wikipedia.org/wiki/Comayag%C3%BCela",
    "name": "Comayagüela"
  },
  "conakry": {
    "been": false,
    "coords": "09°30′33″N, 13°42′44″W",
    "country": "GN",
    "link": "https://en.wikipedia.org/wiki/Conakry",
    "name": "Conakry"
  },
  "copenhagen": {
    "been": false,
    "coords": "55°40′34″N, 12°34′06″E",
    "country": "DK",
    "link": "https://en.wikipedia.org/wiki/Copenhagen",
    "name": "Copenhagen"
  },
  "cotonou": {
    "been": true,
    "coords": "6°22′N, 2°26′E",
    "country": "BJ",
    "link": "https://en.wikipedia.org/wiki/Cotonou",
    "name": "Cotonou"
  },
  "dakar": {
    "been": true,
    "coords": "14°41′34″N, 17°26′48″W",
    "country": "SN",
    "link": "https://en.wikipedia.org/wiki/Dakar",
    "name": "Dakar"
  },
  "damascus": {
    "been": false,
    "coords": "33°30′47″N, 36°17′31″E",
    "country": "SY",
    "link": "https://en.wikipedia.org/wiki/Damascus",
    "name": "Damascus"
  },
  "dar-es-salaam": {
    "been": false,
    "coords": "06°48′58″S, 39°16′49″E",
    "country": "TZ",
    "link": "https://en.wikipedia.org/wiki/Dar_es_Salaam",
    "name": "Dar es Salaam"
  },
  "den-haag": {
    "been": true,
    "coords": "52°04′48″N, 04°18′36″E",
    "country": "NL",
    "link": "https://en.wikipedia.org/wiki/The_Hague",
    "name": "Den Haag"
  },
  "dhaka": {
    "been": false,
    "coords": "23°45′50″N, 90°23′20″E",
    "country": "BD",
    "link": "https://en.wikipedia.org/wiki/Dhaka",
    "name": "Dhaka"
  },
  "diego-garcia": {
    "been": false,
    "coords": "7°18′48″S, 72°24′40″E",
    "country": "IO",
    "link": "https://en.wikipedia.org/wiki/Diego_Garcia",
    "name": "Diego Garcia"
  },
  "dili": {
    "been": false,
    "coords": "08°33′13″S, 125°34′42″E",
    "country": "TL",
    "link": "https://en.wikipedia.org/wiki/Dili",
    "name": "Dili"
  },
  "djibouti": {
    "been": false,
    "coords": "11°35′18″N, 43°08′42″E",
    "country": "DJ",
    "link": "https://en.wikipedia.org/wiki/Djibouti_City",
    "name": "Djibouti"
  },
  "dodoma": {
    "been": false,
    "coords": "6°10′23″S, 35°44′31″E",
    "country": "TZ",
    "link": "https://en.wikipedia.org/wiki/Dodoma",
    "name": "Dodoma"
  },
  "doha": {
    "been": false,
    "coords": "25°17′12″N, 51°32′0″E",
    "country": "QA",
    "link": "https://en.wikipedia.org/wiki/Doha",
    "name": "Doha"
  },
  "douglas": {
    "been": false,
    "coords": "54°09′00″N, 04°28′39″W",
    "country": "IM",
    "link": "https://en.wikipedia.org/wiki/Douglas,_Isle_of_Man",
    "name": "Douglas"
  },
  "dublin": {
    "been": true,
    "coords": "53°21′00″N, 06°15′37″W",
    "country": "IE",
    "link": "https://en.wikipedia.org/wiki/Dublin",
    "name": "Dublin"
  },
  "dushanbe": {
    "been": false,
    "coords": "38°32′12″N, 68°46′48″E",
    "country": "TJ",
    "link": "https://en.wikipedia.org/wiki/Dushanbe",
    "name": "Dushanbe"
  },
  "entebbe": {
    "been": true,
    "coords": "00°03′00″N, 32°27′36″E",
    "country": "UG",
    "link": "https://en.wikipedia.org/wiki/Entebbe",
    "name": "Entebbe"
  },
  "flying-fish-cove": {
    "been": false,
    "coords": "10°25′34″S, 105°40′22″E",
    "country": "CX",
    "link": "https://en.wikipedia.org/wiki/Flying_Fish_Cove",
    "name": "Flying Fish Cove"
  },
  "freetown": {
    "been": false,
    "coords": "8°29′4″N, 13°14′4″W",
    "country": "SL",
    "link": "https://en.wikipedia.org/wiki/Freetown",
    "name": "Freetown"
  },
  "funafuti": {
    "been": false,
    "coords": "08°31′S, 179°12′E",
    "country": "TV",
    "link": "https://en.wikipedia.org/wiki/Funafuti",
    "name": "Funafuti"
  },
  "gaborone": {
    "been": false,
    "coords": "24°39′29″S, 25°54′44″E",
    "country": "BW",
    "link": "https://en.wikipedia.org/wiki/Gaborone",
    "name": "Gaborone"
  },
  "george-town": {
    "been": false,
    "coords": "19.3034°N, 81.3863°W",
    "country": "KY",
    "link": "https://en.wikipedia.org/wiki/George_Town,_Cayman_Islands",
    "name": "George Town"
  },
  "georgetown": {
    "been": false,
    "coords": "7°55′43″S, 14°24′42″W",
    "country": "GY",
    "link": "https://en.wikipedia.org/wiki/Georgetown,_Ascension_Island",
    "name": "Georgetown"
  },
  "gibraltar": {
    "been": false,
    "coords": "36.14°N, 5.35°W",
    "country": "GI",
    "link": "https://en.wikipedia.org/wiki/Gibraltar",
    "name": "Gibraltar"
  },
  "gitega": {
    "been": false,
    "coords": "03°25′42″S, 29°55′30″E",
    "country": "BI",
    "link": "https://en.wikipedia.org/wiki/Gitega",
    "name": "Gitega"
  },
  "gondar": {
    "been": true,
    "coords": "12°36′27″N, 37°27′33″E",
    "country": "ET",
    "link": "https://en.wikipedia.org/wiki/Gondar",
    "name": "Gondar"
  },
  "guatemala-city": {
    "been": false,
    "coords": "14°39′1.40″N, 90°29′25″W",
    "country": "GT",
    "link": "https://en.wikipedia.org/wiki/Guatemala_City",
    "name": "Guatemala City"
  },
  "gustavia": {
    "been": false,
    "coords": "17°53′52.47″N, 62°51′2.0″W",
    "country": "BL",
    "link": "https://en.wikipedia.org/wiki/Gustavia,_Saint_Barth%C3%A9lemy",
    "name": "Gustavia"
  },
  "hagatna": {
    "been": false,
    "coords": "13°28′45″N, 144°45′00″E",
    "country": "GU",
    "link": "https://en.wikipedia.org/wiki/Hag%C3%A5t%C3%B1a",
    "name": "Hagåtña"
  },
  "hamilton": {
    "been": false,
    "coords": "32°17′39″N, 64°46′55″W",
    "country": "BM",
    "link": "https://en.wikipedia.org/wiki/Hamilton,_Bermuda",
    "name": "Hamilton"
  },
  "hanoi": {
    "been": false,
    "coords": "21.00°N, 105.85°E",
    "country": "VN",
    "link": "https://en.wikipedia.org/wiki/Hanoi",
    "name": "Hanoi"
  },
  "harare": {
    "been": false,
    "coords": "17°49′45″S, 31°3′8″E",
    "country": "ZW",
    "link": "https://en.wikipedia.org/wiki/Harare",
    "name": "Harare"
  },
  "hargeisa": {
    "been": false,
    "coords": "9°33′47″N, 44°4′3″E",
    "country": "SO",
    "link": "https://en.wikipedia.org/wiki/Hargeisa",
    "name": "Hargeisa"
  },
  "havana": {
    "been": false,
    "coords": "23°08′12″N, 82°21′32″W",
    "country": "CU",
    "link": "https://en.wikipedia.org/wiki/Havana",
    "name": "Havana"
  },
  "helsinki": {
    "been": true,
    "coords": "60°10′15″N, 24°56′15″E",
    "country": "FI",
    "link": "https://en.wikipedia.org/wiki/Helsinki",
    "name": "Helsinki"
  },
  "honiara": {
    "been": false,
    "coords": "9°25′55″S, 159°57′20″E",
    "country": "SB",
    "link": "https://en.wikipedia.org/wiki/Honiara",
    "name": "Honiara"
  },
  "islamabad": {
    "been": false,
    "coords": "33.43°N, 73.04°E",
    "country": "PK",
    "link": "https://en.wikipedia.org/wiki/Islamabad",
    "name": "Islamabad"
  },
  "istanbul": {
    "been": true,
    "coords": "41°00′49″N, 28°57′18″E",
    "country": "TR",
    "link": "https://en.wikipedia.org/wiki/Istanbul",
    "name": "Istanbul"
  },
  "jakarta": {
    "been": false,
    "coords": "-6.175, 106.8275",
    "country": "ID",
    "link": "https://en.wikipedia.org/wiki/Jakarta",
    "name": "Jakarta"
  },
  "jamestown": {
    "been": false,
    "coords": "15°55′28″S, 5°43′5″W",
    "country": "SH",
    "link": "https://en.wikipedia.org/wiki/Jamestown,_Saint_Helena",
    "name": "Jamestown"
  },
  "jerusalem": {
    "been": true,
    "coords": "31°46′44″N, 35°13′32″E",
    "country": "PS",
    "link": "https://en.wikipedia.org/wiki/Jerusalem",
    "name": "Jerusalem"
  },
  "juba": {
    "been": false,
    "coords": "4°51′N, 31°36′E",
    "country": "SS",
    "link": "https://en.wikipedia.org/wiki/Juba",
    "name": "Juba"
  },
  "kabul": {
    "been": false,
    "coords": "34°31′31″N, 69°10′42″E",
    "country": "AF",
    "link": "https://en.wikipedia.org/wiki/Kabul",
    "name": "Kabul"
  },
  "kampala": {
    "been": true,
    "coords": "00°18′49″N, 32°34′52″E",
    "country": "UG",
    "link": "https://en.wikipedia.org/wiki/Kampala",
    "name": "Kampala"
  },
  "kathmandu": {
    "been": false,
    "coords": "27.71°N, 85.32°E",
    "country": "NP",
    "link": "https://en.wikipedia.org/wiki/Kathmandu",
    "name": "Kathmandu"
  },
  "kaunas": {
    "been": false,
    "coords": "54°53′50″N, 23°53′10″E",
    "country": "LT",
    "link": "https://en.wikipedia.org/wiki/Kaunas",
    "name": "Kaunas"
  },
  "khartoum": {
    "been": false,
    "coords": "15.6°N, 32.5°E",
    "country": "SD",
    "link": "https://en.wikipedia.org/wiki/Khartoum",
    "name": "Khartoum"
  },
  "kigali": {
    "been": true,
    "coords": "1°56′38″S, 30°3′34″E",
    "country": "RW",
    "link": "https://en.wikipedia.org/wiki/Kigali",
    "name": "Kigali"
  },
  "king-edward-point": {
    "been": false,
    "coords": "54.283333°S, 36.495°W",
    "country": "GS",
    "link": "https://en.wikipedia.org/wiki/King_Edward_Point",
    "name": "King Edward Point"
  },
  "kingston": {
    "been": false,
    "coords": "17°58′17″N, 76°47′35″W",
    "country": "NF",
    "link": "https://en.wikipedia.org/wiki/Kingston,_Jamaica",
    "name": "Kingston"
  },
  "kingstown": {
    "been": false,
    "coords": "13°09′28″N, 061°13′30″W",
    "country": "VC",
    "link": "https://en.wikipedia.org/wiki/Kingstown,_Saint_Vincent_and_the_Grenadines",
    "name": "Kingstown"
  },
  "kinshasa": {
    "been": false,
    "coords": "04°19′19″S, 15°18′43″E",
    "country": "CD",
    "link": "https://en.wikipedia.org/wiki/Kinshasa",
    "name": "Kinshasa"
  },
  "kuala-lumpur": {
    "been": false,
    "coords": "03°08′52″N, 101°41′43″E",
    "country": "MY",
    "link": "https://en.wikipedia.org/wiki/Kuala_Lumpur",
    "name": "Kuala Lumpur"
  },
  "kuwait-city": {
    "been": false,
    "coords": "29°22′11″N, 47°58′42″E",
    "country": "KW",
    "link": "https://en.wikipedia.org/wiki/Kuwait_City",
    "name": "Kuwait City"
  },
  "kyiv": {
    "been": false,
    "coords": "50.4°N, 30.54°E",
    "country": "UA",
    "link": "https://en.wikipedia.org/wiki/Kyiv",
    "name": "Kyiv"
  },
  "la-paz": {
    "been": false,
    "coords": "16°29′45″S, 68°08′00″W",
    "country": "BO",
    "link": "https://en.wikipedia.org/wiki/La_Paz",
    "name": "La Paz"
  },
  "laayoune": {
    "been": false,
    "coords": "27°9′13″N, 13°12′12″W",
    "country": "EH",
    "link": "https://en.wikipedia.org/wiki/Laayoune",
    "name": "Laayoune"
  },
  "lagos": {
    "been": true,
    "coords": "6.455027°N, 3.384082°E",
    "country": "NG",
    "link": "https://en.wikipedia.org/wiki/Lagos",
    "name": "Lagos"
  },
  "libreville": {
    "been": false,
    "coords": "0°23′25″N, 9°27′15″E",
    "country": "GA",
    "link": "https://en.wikipedia.org/wiki/Libreville",
    "name": "Libreville"
  },
  "lilongwe": {
    "been": false,
    "coords": "13°59′S, 33°47′E",
    "country": "MW",
    "link": "https://en.wikipedia.org/wiki/Lilongwe",
    "name": "Lilongwe"
  },
  "lima": {
    "been": false,
    "coords": "12°2′36″S, 77°01′42″W",
    "country": "PE",
    "link": "https://en.wikipedia.org/wiki/Lima",
    "name": "Lima"
  },
  "lisbon": {
    "been": true,
    "coords": "38°43′31″N, 09°09′00″W",
    "country": "PT",
    "link": "https://en.wikipedia.org/wiki/Lisbon",
    "name": "Lisbon"
  },
  "ljubljana": {
    "been": true,
    "coords": "46°03′05″N, 14°30′22″E",
    "country": "SI",
    "link": "https://en.wikipedia.org/wiki/Ljubljana",
    "name": "Ljubljana"
  },
  "lobamba": {
    "been": false,
    "coords": "26°25′0″S, 31°10′0″E",
    "country": "SZ",
    "link": "https://en.wikipedia.org/wiki/Lobamba",
    "name": "Lobamba"
  },
  "lome": {
    "been": true,
    "coords": "6°7′55″N, 1°13′22″E",
    "country": "TG",
    "link": "https://en.wikipedia.org/wiki/Lom%C3%A9",
    "name": "Lomé"
  },
  "london": {
    "been": true,
    "coords": "51°30′26″N, 00°07′39″W",
    "country": "GB",
    "link": "https://en.wikipedia.org/wiki/London",
    "name": "London"
  },
  "luanda": {
    "been": false,
    "coords": "8°50′18″S, 13°14′04″E",
    "country": "AO",
    "link": "https://en.wikipedia.org/wiki/Luanda",
    "name": "Luanda"
  },
  "lusaka": {
    "been": false,
    "coords": "15°25′S, 28°17′E",
    "country": "ZM",
    "link": "https://en.wikipedia.org/wiki/Lusaka",
    "name": "Lusaka"
  },
  "luxembourg": {
    "been": true,
    "coords": "49°36′42″N, 6°7′55″E",
    "country": "LU",
    "link": "https://en.wikipedia.org/wiki/Luxembourg_(city)",
    "name": "Luxembourg"
  },
  "madrid": {
    "been": true,
    "coords": "40°25′01″N, 03°42′12″W",
    "country": "ES",
    "link": "https://en.wikipedia.org/wiki/Madrid",
    "name": "Madrid"
  },
  "majuro": {
    "been": false,
    "coords": "7°05′N, 171°23′E",
    "country": "MH",
    "link": "https://en.wikipedia.org/wiki/Majuro",
    "name": "Majuro"
  },
  "malabo": {
    "been": false,
    "coords": "3°44′44″N, 8°46′28″E",
    "country": "GQ",
    "link": "https://en.wikipedia.org/wiki/Malabo",
    "name": "Malabo"
  },
  "male": {
    "been": false,
    "coords": "4°10′31″N, 73°30′32″E",
    "country": "MV",
    "link": "https://en.wikipedia.org/wiki/Mal%C3%A9",
    "name": "Malé"
  },
  "managua": {
    "been": false,
    "coords": "12°8′11″N, 86°15′5″W",
    "country": "NI",
    "link": "https://en.wikipedia.org/wiki/Managua",
    "name": "Managua"
  },
  "manama": {
    "been": false,
    "coords": "26°13′30″N, 50°34′39″E",
    "country": "BH",
    "link": "https://en.wikipedia.org/wiki/Manama",
    "name": "Manama"
  },
  "manila": {
    "been": false,
    "coords": "14°35′45″N, 120°58′38″E",
    "country": "PH",
    "link": "https://en.wikipedia.org/wiki/Manila",
    "name": "Manila"
  },
  "maputo": {
    "been": false,
    "coords": "25°58′S, 32°35′E",
    "country": "MZ",
    "link": "https://en.wikipedia.org/wiki/Maputo",
    "name": "Maputo"
  },
  "mariehamn": {
    "been": false,
    "coords": "60°06′N, 019°56′E",
    "country": "AX",
    "link": "https://en.wikipedia.org/wiki/Mariehamn",
    "name": "Mariehamn"
  },
  "marigot": {
    "been": false,
    "coords": "18.0731°N, 63.0822°W",
    "country": "SX",
    "link": "https://en.wikipedia.org/wiki/Marigot,_Saint_Martin",
    "name": "Marigot"
  },
  "maseru": {
    "been": false,
    "coords": "29.31°S, 27.48°E",
    "country": "LS",
    "link": "https://en.wikipedia.org/wiki/Maseru",
    "name": "Maseru"
  },
  "mata-utu": {
    "been": false,
    "coords": "13°17′S, 176°11′W",
    "country": "WF",
    "link": "https://en.wikipedia.org/wiki/Mata_Utu",
    "name": "Mata Utu"
  },
  "mbabane": {
    "been": false,
    "coords": "26°19′S, 31°08′E",
    "country": "SZ",
    "link": "https://en.wikipedia.org/wiki/Mbabane",
    "name": "Mbabane"
  },
  "melbourne": {
    "been": false,
    "coords": "37°48′51″S, 144°57′47″E",
    "country": "AU",
    "link": "https://en.wikipedia.org/wiki/Melbourne",
    "name": "Melbourne"
  },
  "mexico-city": {
    "been": false,
    "coords": "19°26′N, 99°8′W",
    "country": "MX",
    "link": "https://en.wikipedia.org/wiki/Mexico_City",
    "name": "Mexico City"
  },
  "minsk": {
    "been": false,
    "coords": "53°54′N, 27°34′E",
    "country": "BY",
    "link": "https://en.wikipedia.org/wiki/Minsk",
    "name": "Minsk"
  },
  "mogadishu": {
    "been": false,
    "coords": "02°02′21″N, 45°20′31″E",
    "country": "SO",
    "link": "https://en.wikipedia.org/wiki/Mogadishu",
    "name": "Mogadishu"
  },
  "monaco": {
    "been": true,
    "coords": "43°43′52″N, 07°25′12″E",
    "country": "MC",
    "link": "https://en.wikipedia.org/wiki/Municipality_of_Monaco",
    "name": "Monaco"
  },
  "monrovia": {
    "been": false,
    "coords": "6°18′48″N, 10°48′5″W",
    "country": "LR",
    "link": "https://en.wikipedia.org/wiki/Monrovia",
    "name": "Monrovia"
  },
  "montevideo": {
    "been": false,
    "coords": "34°53′1″S, 56°10′55″W",
    "country": "UY",
    "link": "https://en.wikipedia.org/wiki/Montevideo",
    "name": "Montevideo"
  },
  "moroni": {
    "been": false,
    "coords": "11.699°S, 43.256°E",
    "country": "KM",
    "link": "https://en.wikipedia.org/wiki/Moroni,_Comoros",
    "name": "Moroni"
  },
  "moscow": {
    "been": true,
    "coords": "55°45′21″N, 37°37′2″E",
    "country": "RU",
    "link": "https://en.wikipedia.org/wiki/Moscow",
    "name": "Moscow"
  },
  "muscat": {
    "been": false,
    "coords": "23°35′20″N, 58°24′30″E",
    "country": "OM",
    "link": "https://en.wikipedia.org/wiki/Muscat,_Oman",
    "name": "Muscat"
  },
  "n'djamena": {
    "been": false,
    "coords": "12°06′36″N, 15°03′00″E",
    "country": "TD",
    "link": "https://en.wikipedia.org/wiki/N%27Djamena",
    "name": "N'Djamena"
  },
  "nairobi": {
    "been": true,
    "coords": "1°09′S, 36°39′E",
    "country": "KE",
    "link": "https://en.wikipedia.org/wiki/Nairobi",
    "name": "Nairobi"
  },
  "nassau": {
    "been": false,
    "coords": "25°04′41″N, 77°20′19″W",
    "country": "BS",
    "link": "https://en.wikipedia.org/wiki/Nassau,_Bahamas",
    "name": "Nassau"
  },
  "naypyidaw": {
    "been": false,
    "coords": "19°44′51″N, 96°06′54″E",
    "country": "MM",
    "link": "https://en.wikipedia.org/wiki/Naypyidaw",
    "name": "Naypyidaw"
  },
  "new-delhi": {
    "been": false,
    "coords": "28.613888888888887, 77.2088888888889",
    "country": "IN",
    "link": "https://en.wikipedia.org/wiki/New_Delhi",
    "name": "New Delhi"
  },
  "ngerulmud": {
    "been": false,
    "coords": "7°30′2″N, 134°37′27″E",
    "country": "PW",
    "link": "https://en.wikipedia.org/wiki/Ngerulmud",
    "name": "Ngerulmud"
  },
  "niamey": {
    "been": false,
    "coords": "13°30′54″N, 02°07′03″E",
    "country": "NE",
    "link": "https://en.wikipedia.org/wiki/Niamey",
    "name": "Niamey"
  },
  "nicosia": {
    "been": false,
    "coords": "35°10′21″N, 33°21′54″E",
    "country": "CY",
    "link": "https://en.wikipedia.org/wiki/Nicosia",
    "name": "Nicosia"
  },
  "nouakchott": {
    "been": false,
    "coords": "18.08581°N, 15.9785°W",
    "country": "MR",
    "link": "https://en.wikipedia.org/wiki/Nouakchott",
    "name": "Nouakchott"
  },
  "noumea": {
    "been": true,
    "coords": "22.2758°S, 166.458°E",
    "country": "NC",
    "link": "https://en.wikipedia.org/wiki/Noum%C3%A9a",
    "name": "Nouméa"
  },
  "nukuʻalofa": {
    "been": false,
    "coords": "21°8′0″S, 175°12′0″W",
    "country": "TO",
    "link": "https://en.wikipedia.org/wiki/Nuku%CA%BBalofa",
    "name": "Nukuʻalofa"
  },
  "nuuk": {
    "been": false,
    "coords": "64°10′N, 51°44′W",
    "country": "GL",
    "link": "https://en.wikipedia.org/wiki/Nuuk",
    "name": "Nuuk"
  },
  "oranjestad": {
    "been": false,
    "coords": "12.518611°N, 70.035833°W",
    "country": "AW",
    "link": "https://en.wikipedia.org/wiki/Oranjestad,_Aruba",
    "name": "Oranjestad"
  },
  "oslo": {
    "been": true,
    "coords": "59°54′48″N, 10°44′20″E",
    "country": "NO",
    "link": "https://en.wikipedia.org/wiki/Oslo",
    "name": "Oslo"
  },
  "ottawa": {
    "been": false,
    "coords": "45°25′29″N, 75°41′42″W",
    "country": "CA",
    "link": "https://en.wikipedia.org/wiki/Ottawa",
    "name": "Ottawa"
  },
  "ouagadougou": {
    "been": true,
    "coords": "12°22′07″N, 01°31′39″W",
    "country": "BF",
    "link": "https://en.wikipedia.org/wiki/Ouagadougou",
    "name": "Ouagadougou"
  },
  "pago-pago": {
    "been": false,
    "coords": "14°16′46″S, 170°42′02″W",
    "country": "AS",
    "link": "https://en.wikipedia.org/wiki/Pago_Pago",
    "name": "Pago Pago"
  },
  "palikir": {
    "been": false,
    "coords": "6°55′2″N, 158°9′32″E",
    "country": "FM",
    "link": "https://en.wikipedia.org/wiki/Palikir",
    "name": "Palikir"
  },
  "panama-city": {
    "been": true,
    "coords": "8°59′N, 79°31′W",
    "country": "PA",
    "link": "https://en.wikipedia.org/wiki/Panama_City",
    "name": "Panama City"
  },
  "papeete": {
    "been": false,
    "coords": "17.535°S, 149.5696°W",
    "country": "PF",
    "link": "https://en.wikipedia.org/wiki/Papeete",
    "name": "Papeete"
  },
  "paramaribo": {
    "been": false,
    "coords": "5°51′8″N, 55°12′14″W",
    "country": "SR",
    "link": "https://en.wikipedia.org/wiki/Paramaribo",
    "name": "Paramaribo"
  },
  "paris": {
    "been": true,
    "coords": "48.85666666666667, 2.352222222222222",
    "country": "FR",
    "link": "https://en.wikipedia.org/wiki/Paris",
    "name": "Paris"
  },
  "philipsburg": {
    "been": false,
    "coords": "18.0237°N, 63.0458°W",
    "country": "SX",
    "link": "https://en.wikipedia.org/wiki/Philipsburg,_Sint_Maarten",
    "name": "Philipsburg"
  },
  "phnom-penh": {
    "been": false,
    "coords": "11.55°N, 104.91667°E",
    "country": "KH",
    "link": "https://en.wikipedia.org/wiki/Phnom_Penh",
    "name": "Phnom Penh"
  },
  "plymouth": {
    "been": false,
    "coords": "16.706417°N, 62.215839°W",
    "country": "MS",
    "link": "https://en.wikipedia.org/wiki/Plymouth,_Montserrat",
    "name": "Plymouth"
  },
  "podgorica": {
    "been": true,
    "coords": "42.44138888888889, 19.262777777777778",
    "country": "ME",
    "link": "https://en.wikipedia.org/wiki/Podgorica",
    "name": "Podgorica"
  },
  "port-au-prince": {
    "been": false,
    "coords": "18°32′N, 72°20′W",
    "country": "HT",
    "link": "https://en.wikipedia.org/wiki/Port-au-Prince",
    "name": "Port-au-Prince"
  },
  "port-louis": {
    "been": false,
    "coords": "20°9′52″S, 57°30′15″E",
    "country": "MU",
    "link": "https://en.wikipedia.org/wiki/Port_Louis",
    "name": "Port Louis"
  },
  "port-moresby": {
    "been": false,
    "coords": "9°28′44″S, 147°08′58″E",
    "country": "PG",
    "link": "https://en.wikipedia.org/wiki/Port_Moresby",
    "name": "Port Moresby"
  },
  "port-of-spain": {
    "been": false,
    "coords": "10°40′N, 61°31′W",
    "country": "TT",
    "link": "https://en.wikipedia.org/wiki/Port_of_Spain",
    "name": "Port of Spain"
  },
  "port-vila": {
    "been": true,
    "coords": "17°44′S, 168°19′E",
    "country": "VU",
    "link": "https://en.wikipedia.org/wiki/Port_Vila",
    "name": "Port Vila"
  },
  "porto-novo": {
    "been": true,
    "coords": "6°29′50″N, 2°36′18″E",
    "country": "BJ",
    "link": "https://en.wikipedia.org/wiki/Porto-Novo",
    "name": "Porto-Novo"
  },
  "prague": {
    "been": true,
    "coords": "50°05′15″N, 14°25′17″E",
    "country": "CZ",
    "link": "https://en.wikipedia.org/wiki/Prague",
    "name": "Prague"
  },
  "praia": {
    "been": true,
    "coords": "14.918°N, 23.509°W",
    "country": "CV",
    "link": "https://en.wikipedia.org/wiki/Praia",
    "name": "Praia"
  },
  "pretoria": {
    "been": false,
    "coords": "25°44′46″S, 28°11′17″E",
    "country": "ZA",
    "link": "https://en.wikipedia.org/wiki/Pretoria",
    "name": "Pretoria"
  },
  "pristina": {
    "been": false,
    "coords": "42°39′48″N, 21°9′44″E",
    "country": "XK",
    "link": "https://en.wikipedia.org/wiki/Pristina",
    "name": "Pristina"
  },
  "putrajaya": {
    "been": false,
    "coords": "02°55′48″N, 101°41′24″E",
    "country": "MY",
    "link": "https://en.wikipedia.org/wiki/Putrajaya",
    "name": "Putrajaya"
  },
  "pyongyang": {
    "been": false,
    "coords": "39°01′00″N, 125°44′51″E",
    "country": "KP",
    "link": "https://en.wikipedia.org/wiki/Pyongyang",
    "name": "Pyongyang"
  },
  "quito": {
    "been": false,
    "coords": "00°13′12″S, 78°30′45″W",
    "country": "EC",
    "link": "https://en.wikipedia.org/wiki/Quito",
    "name": "Quito"
  },
  "rabat": {
    "been": false,
    "coords": "34.020882°N, 6.84165°W",
    "country": "MA",
    "link": "https://en.wikipedia.org/wiki/Rabat",
    "name": "Rabat"
  },
  "ramallah": {
    "been": false,
    "coords": "31°54′N, 35°12′E",
    "country": "PS",
    "link": "https://en.wikipedia.org/wiki/Ramallah",
    "name": "Ramallah"
  },
  "reykjavik": {
    "been": true,
    "coords": "64°08′48″N, 21°56′24″W",
    "country": "IS",
    "link": "https://en.wikipedia.org/wiki/Reykjav%C3%ADk",
    "name": "Reykjavík"
  },
  "ribeira-grande": {
    "been": true,
    "coords": "14.916°N, 23.606°W",
    "country": "CV",
    "link": "https://en.wikipedia.org/wiki/Cidade_Velha",
    "name": "Ribeira Grande"
  },
  "riga": {
    "been": true,
    "coords": "56°56′56″N, 24°6′23″E",
    "country": "LV",
    "link": "https://en.wikipedia.org/wiki/Riga",
    "name": "Riga"
  },
  "rio-de-janeiro": {
    "been": false,
    "coords": "22°54′40″S, 43°12′20″W",
    "country": "BR",
    "link": "https://en.wikipedia.org/wiki/Rio_de_Janeiro",
    "name": "Rio de Janeiro"
  },
  "riyadh": {
    "been": false,
    "coords": "24°38′N, 46°43′E",
    "country": "SA",
    "link": "https://en.wikipedia.org/wiki/Riyadh",
    "name": "Riyadh"
  },
  "road-town": {
    "been": false,
    "coords": "18°25′53″N, 64°37′23″W",
    "country": "VG",
    "link": "https://en.wikipedia.org/wiki/Road_Town",
    "name": "Road Town"
  },
  "rome": {
    "been": true,
    "coords": "41°53′36″N, 12°28′58″E",
    "country": "IT",
    "link": "https://en.wikipedia.org/wiki/Rome",
    "name": "Rome"
  },
  "roseau": {
    "been": false,
    "coords": "15°18′05″N, 61°23′18″W",
    "country": "DM",
    "link": "https://en.wikipedia.org/wiki/Roseau",
    "name": "Roseau"
  },
  "saigon": {
    "been": false,
    "coords": "10°46′32″N, 106°42′07″E",
    "country": "VN",
    "link": "https://en.wikipedia.org/wiki/Ho_Chi_Minh_City",
    "name": "Saigon"
  },
  "saint-petersburg": {
    "been": true,
    "coords": "59°56′15″N, 30°18′31″E",
    "country": "RU",
    "link": "https://en.wikipedia.org/wiki/Saint_Petersburg",
    "name": "Saint Petersburg"
  },
  "saipan": {
    "been": false,
    "coords": "15°11′N, 145°45′E",
    "country": "MP",
    "link": "https://en.wikipedia.org/wiki/Saipan",
    "name": "Saipan"
  },
  "salalah": {
    "been": false,
    "coords": "17°01′11″N, 54°05′23″E",
    "country": "OM",
    "link": "https://en.wikipedia.org/wiki/Salalah",
    "name": "Salalah"
  },
  "san-jose": {
    "been": false,
    "coords": "09°55′57″N, 84°04′48″W",
    "country": "CR",
    "link": "https://en.wikipedia.org/wiki/San_Jos%C3%A9,_Costa_Rica",
    "name": "San José"
  },
  "san-juan": {
    "been": false,
    "coords": "18°24′23″N, 66°3′50″W",
    "country": "PR",
    "link": "https://en.wikipedia.org/wiki/San_Juan,_Puerto_Rico",
    "name": "San Juan"
  },
  "san-marino": {
    "been": true,
    "coords": "43°56′4.56″N, 12°26′50.28″E",
    "country": "SM",
    "link": "https://en.wikipedia.org/wiki/City_of_San_Marino",
    "name": "San Marino"
  },
  "san-salvador": {
    "been": false,
    "coords": "13°41′56″N, 89°11′29″W",
    "country": "SV",
    "link": "https://en.wikipedia.org/wiki/San_Salvador",
    "name": "San Salvador"
  },
  "sanaa": {
    "been": false,
    "coords": "15°20′54″N, 44°12′23″E",
    "country": "YE",
    "link": "https://en.wikipedia.org/wiki/Sanaa",
    "name": "Sanaa"
  },
  "santiago": {
    "been": false,
    "coords": "33°26′15″S, 70°39′00″W",
    "country": "CL",
    "link": "https://en.wikipedia.org/wiki/Santiago",
    "name": "Santiago"
  },
  "santo-domingo": {
    "been": false,
    "coords": "18°28′N, 69°57′W",
    "country": "DO",
    "link": "https://en.wikipedia.org/wiki/Santo_Domingo",
    "name": "Santo Domingo"
  },
  "sao-tome": {
    "been": false,
    "coords": "0°20′10″N, 6°43′50″E",
    "country": "ST",
    "link": "https://en.wikipedia.org/wiki/S%C3%A3o_Tom%C3%A9",
    "name": "São Tomé"
  },
  "sarajevo": {
    "been": true,
    "coords": "43°51′23″N, 18°24′47″E",
    "country": "BA",
    "link": "https://en.wikipedia.org/wiki/Sarajevo",
    "name": "Sarajevo"
  },
  "seoul": {
    "been": true,
    "coords": "37°33′36″N, 126°59′24″E",
    "country": "KR",
    "link": "https://en.wikipedia.org/wiki/Seoul",
    "name": "Seoul"
  },
  "singapore": {
    "been": false,
    "coords": "1°17′N, 103°50′E",
    "country": "SG",
    "link": "https://en.wikipedia.org/wiki/Singapore",
    "name": "Singapore"
  },
  "skopje": {
    "been": true,
    "coords": "41°59′46″N, 21°25′54″E",
    "country": "MK",
    "link": "https://en.wikipedia.org/wiki/Skopje",
    "name": "Skopje"
  },
  "sofia": {
    "been": true,
    "coords": "42.7°N, 23.33°E",
    "country": "BG",
    "link": "https://en.wikipedia.org/wiki/Sofia",
    "name": "Sofia"
  },
  "south-tarawa": {
    "been": false,
    "coords": "1°26′N, 173°0′E",
    "country": "KI",
    "link": "https://en.wikipedia.org/wiki/South_Tarawa",
    "name": "South Tarawa"
  },
  "sri-jayawardenepura-kotte": {
    "been": false,
    "coords": "6°54′39″N, 79°53′16.21″E",
    "country": "LK",
    "link": "https://en.wikipedia.org/wiki/Sri_Jayawardenepura_Kotte",
    "name": "Sri Jayawardenepura Kotte"
  },
  "st-george's": {
    "been": false,
    "coords": "12°3′N, 61°45′W",
    "country": "GD",
    "link": "https://en.wikipedia.org/wiki/St._George%27s,_Grenada",
    "name": "St. George's"
  },
  "st-helier": {
    "been": false,
    "coords": "49°11′09″N, 02°06′36″W",
    "country": "JE",
    "link": "https://en.wikipedia.org/wiki/St._Helier",
    "name": "St. Helier"
  },
  "st-john's": {
    "been": false,
    "coords": "17°07′N, 61°51′W",
    "country": "AG",
    "link": "https://en.wikipedia.org/wiki/St._John%27s,_Antigua_and_Barbuda",
    "name": "St. John's"
  },
  "st-peter-port": {
    "been": false,
    "coords": "49.4555°N, 2.5368°W",
    "country": "GG",
    "link": "https://en.wikipedia.org/wiki/St._Peter_Port",
    "name": "St. Peter Port"
  },
  "st-pierre": {
    "been": false,
    "coords": "46.818888888889, -56.343888888889",
    "country": "PM",
    "link": "https://en.wikipedia.org/wiki/St._Pierre,_Saint-Pierre_and_Miquelon",
    "name": "St. Pierre"
  },
  "stanley": {
    "been": false,
    "coords": "51°41′42″S, 57°51′02″W",
    "country": "FK",
    "link": "https://en.wikipedia.org/wiki/Stanley,_Falkland_Islands",
    "name": "Stanley"
  },
  "stepanakert": {
    "been": false,
    "coords": "39°48′55″N, 46°45′7″E",
    "country": "AZ",
    "link": "https://en.wikipedia.org/wiki/Stepanakert",
    "name": "Stepanakert"
  },
  "stockholm": {
    "been": true,
    "coords": "59°19′46″N, 18°4′7″E",
    "country": "SE",
    "link": "https://en.wikipedia.org/wiki/Stockholm",
    "name": "Stockholm"
  },
  "sucre": {
    "been": false,
    "coords": "19°02′51″S, 65°15′36″W",
    "country": "BO",
    "link": "https://en.wikipedia.org/wiki/Sucre",
    "name": "Sucre"
  },
  "sukhumi": {
    "been": false,
    "coords": "43°00′N, 41°01′E",
    "country": "GE",
    "link": "https://en.wikipedia.org/wiki/Sukhumi",
    "name": "Sukhumi"
  },
  "suva": {
    "been": false,
    "coords": "18.1416°S, 178.4419°E",
    "country": "FJ",
    "link": "https://en.wikipedia.org/wiki/Suva",
    "name": "Suva"
  },
  "taipei": {
    "been": false,
    "coords": "25°02′15″N, 121°33′45″E",
    "country": "TW",
    "link": "https://en.wikipedia.org/wiki/Taipei",
    "name": "Taipei"
  },
  "tallinn": {
    "been": true,
    "coords": "59°26′14″N, 24°44′43″E",
    "country": "EE",
    "link": "https://en.wikipedia.org/wiki/Tallinn",
    "name": "Tallinn"
  },
  "tashkent": {
    "been": false,
    "coords": "41°18′40″N, 69°16′47″E",
    "country": "UZ",
    "link": "https://en.wikipedia.org/wiki/Tashkent",
    "name": "Tashkent"
  },
  "tbilisi": {
    "been": false,
    "coords": "41°43′21″N, 44°47′33″E",
    "country": "GE",
    "link": "https://en.wikipedia.org/wiki/Tbilisi",
    "name": "Tbilisi"
  },
  "tegucigalpa": {
    "been": false,
    "coords": "14°06′21″N, 87°12′17″W",
    "country": "HN",
    "link": "https://en.wikipedia.org/wiki/Tegucigalpa",
    "name": "Tegucigalpa"
  },
  "tehran": {
    "been": false,
    "coords": "35°41′46″N, 51°25′23″E",
    "country": "IR",
    "link": "https://en.wikipedia.org/wiki/Tehran",
    "name": "Tehran"
  },
  "tel-aviv": {
    "been": true,
    "coords": "32°5′N, 34°48′E",
    "country": "IL",
    "link": "https://en.wikipedia.org/wiki/Tel_Aviv",
    "name": "Tel Aviv"
  },
  "thimphu": {
    "been": false,
    "coords": "27°28′20″N, 89°38′10″E",
    "country": "BT",
    "link": "https://en.wikipedia.org/wiki/Thimphu",
    "name": "Thimphu"
  },
  "tifariti": {
    "been": false,
    "coords": "26°9′29″N, 10°34′1″W",
    "country": "EH",
    "link": "https://en.wikipedia.org/wiki/Tifariti",
    "name": "Tifariti"
  },
  "tirana": {
    "been": false,
    "coords": "41°19′44″N, 19°49′04″E",
    "country": "AL",
    "link": "https://en.wikipedia.org/wiki/Tirana",
    "name": "Tirana"
  },
  "tiraspol": {
    "been": true,
    "coords": "46°50′25″N, 29°38′36″E",
    "country": "MD",
    "link": "https://en.wikipedia.org/wiki/Tiraspol",
    "name": "Tiraspol"
  },
  "tokyo": {
    "been": true,
    "coords": "35°41′23″N, 139°41′32″E",
    "country": "JP",
    "link": "https://en.wikipedia.org/wiki/Tokyo",
    "name": "Tokyo"
  },
  "torshavn": {
    "been": false,
    "coords": "62°0′42″N, 6°46′3″W",
    "country": "FO",
    "link": "https://en.wikipedia.org/wiki/T%C3%B3rshavn",
    "name": "Tórshavn"
  },
  "tripoli": {
    "been": false,
    "coords": "32°53′14″N, 13°11′29″E",
    "country": "LY",
    "link": "https://en.wikipedia.org/wiki/Tripoli,_Libya",
    "name": "Tripoli"
  },
  "tskhinvali": {
    "been": false,
    "coords": "42°13′30″N, 43°58′12″E",
    "country": "GE",
    "link": "https://en.wikipedia.org/wiki/Tskhinvali",
    "name": "Tskhinvali"
  },
  "tunis": {
    "been": false,
    "coords": "36°48′23″N, 10°10′54″E",
    "country": "TN",
    "link": "https://en.wikipedia.org/wiki/Tunis",
    "name": "Tunis"
  },
  "ulaanbaatar": {
    "been": false,
    "coords": "47°55′13″N, 106°55′02″E",
    "country": "MN",
    "link": "https://en.wikipedia.org/wiki/Ulaanbaatar",
    "name": "Ulaanbaatar"
  },
  "vaduz": {
    "been": true,
    "coords": "47.141°N, 9.521°E",
    "country": "LI",
    "link": "https://en.wikipedia.org/wiki/Vaduz",
    "name": "Vaduz"
  },
  "valletta": {
    "been": false,
    "coords": "35°53′54″N, 14°30′45″E",
    "country": "MT",
    "link": "https://en.wikipedia.org/wiki/Valletta",
    "name": "Valletta"
  },
  "valley": {
    "been": false,
    "coords": "18°13′15″N, 63°03′06″W",
    "country": "AI",
    "link": "https://en.wikipedia.org/wiki/The_Valley,_Anguilla",
    "name": "The Valley"
  },
  "vatican-city": {
    "been": true,
    "coords": "41°54.2′N, 12°27.2′E",
    "country": "VA",
    "link": "https://en.wikipedia.org/wiki/Vatican_City",
    "name": "Vatican City"
  },
  "victoria": {
    "been": false,
    "coords": "4°37′23″S, 55°27′09″E",
    "country": "SC",
    "link": "https://en.wikipedia.org/wiki/Victoria,_Seychelles",
    "name": "Victoria"
  },
  "vienna": {
    "been": true,
    "coords": "48°12′30″N, 16°22′21″E",
    "country": "AT",
    "link": "https://en.wikipedia.org/wiki/Vienna",
    "name": "Vienna"
  },
  "vientiane": {
    "been": false,
    "coords": "17.98°N, 102.63°E",
    "country": "LA",
    "link": "https://en.wikipedia.org/wiki/Vientiane",
    "name": "Vientiane"
  },
  "vilnius": {
    "been": false,
    "coords": "54°41′14″N, 25°16′48″E",
    "country": "LT",
    "link": "https://en.wikipedia.org/wiki/Vilnius",
    "name": "Vilnius"
  },
  "warsaw": {
    "been": true,
    "coords": "52°13′48″N, 21°00′40″E",
    "country": "PL",
    "link": "https://en.wikipedia.org/wiki/Warsaw",
    "name": "Warsaw"
  },
  "washington": {
    "been": true,
    "coords": "38°54′17″N, 77°00′59″W",
    "country": "US",
    "link": "https://en.wikipedia.org/wiki/Washington,_D.C.",
    "name": "Washington"
  },
  "wellington": {
    "been": false,
    "coords": "41°17′20″S, 174°46′38″E",
    "country": "NZ",
    "link": "https://en.wikipedia.org/wiki/Wellington",
    "name": "Wellington"
  },
  "west-island": {
    "been": false,
    "coords": "12°11′13″S, 96°49′42″E",
    "country": "CC",
    "link": "https://en.wikipedia.org/wiki/West_Island,_Cocos_(Keeling)_Islands",
    "name": "West Island"
  },
  "willemstad": {
    "been": false,
    "coords": "12°7′N, 68°56′W",
    "country": "CW",
    "link": "https://en.wikipedia.org/wiki/Willemstad",
    "name": "Willemstad"
  },
  "windhoek": {
    "been": false,
    "coords": "22°34′12″S, 17°5′1″E",
    "country": "NA",
    "link": "https://en.wikipedia.org/wiki/Windhoek",
    "name": "Windhoek"
  },
  "yamoussoukro": {
    "been": false,
    "coords": "06°48′58″N, 05°16′27″W",
    "country": "CI",
    "link": "https://en.wikipedia.org/wiki/Yamoussoukro",
    "name": "Yamoussoukro"
  },
  "yangon": {
    "been": false,
    "coords": "16.795°N, 96.160°E",
    "country": "MM",
    "link": "https://en.wikipedia.org/wiki/Yangon",
    "name": "Yangon"
  },
  "yaounde": {
    "been": false,
    "coords": "3°52′N, 11°31′E",
    "country": "CM",
    "link": "https://en.wikipedia.org/wiki/Yaound%C3%A9",
    "name": "Yaoundé"
  },
  "yaren": {
    "been": false,
    "coords": "0°32′51.72″S, 166°55′15.12″E",
    "country": "NR",
    "link": "https://en.wikipedia.org/wiki/Yaren_District",
    "name": "Yaren"
  },
  "yerevan": {
    "been": false,
    "coords": "40°10′53″N, 44°30′52″E",
    "country": "AM",
    "link": "https://en.wikipedia.org/wiki/Yerevan",
    "name": "Yerevan"
  },
  "zagreb": {
    "been": true,
    "coords": "45°48′47″N, 15°58′39″E",
    "country": "HR",
    "link": "https://en.wikipedia.org/wiki/Zagreb",
    "name": "Zagreb"
  },
  "zomba": {
    "been": false,
    "coords": "-15.386944444444444, 35.31916666666667",
    "country": "MW",
    "link": "https://en.wikipedia.org/wiki/Zomba",
    "name": "Zomba"
  }
}