{
  "--info--": {
    "complete": true,
    "header": "List of all Emmaüs charity shops in France.",
    "icon": "🧺",
    "map": {
      "lat": "47",
      "lon": "3",
      "style": "height:",
      "zoom": "6"
    },
    "name": "Emmaüs",
    "notes": ["Street addresses from Emmaus website, coords from Google based on address."],
    "size": "large",
    "tags": ["auto", "google"],
    "type": "place"
  },
  "agen": {
    "address": "5 Rue Du Jourdain",
    "been": false,
    "city": "Agen",
    "coords": "44.20326439999999, 0.6370521",
    "country": "FR",
    "icons": ["🇫🇷"],
    "name": "Agen",
    "zip": "47000"
  },
  "alencon": {
    "address": "139 Chemin Des Planches",
    "been": false,
    "city": "Alençon",
    "coords": "48.4376291, 0.0634675",
    "country": "FR",
    "icons": ["🇫🇷"],
    "name": "Alençon",
    "zip": "61000"
  },
  "ales": {
    "address": "120 Av. Jean-Philippe Rameau",
    "been": false,
    "city": "Alès",
    "coords": "44.13530900000001, 4.1071952",
    "country": "FR",
    "icons": ["🇫🇷"],
    "name": "Alès",
    "zip": "30100"
  },
  "arles": {
    "address": "Route Des Saintes Maries De La Mer",
    "been": false,
    "city": "Arles",
    "coords": "43.6275187, 4.5308459",
    "country": "FR",
    "icons": ["🇫🇷"],
    "name": "Arles",
    "zip": "13200"
  },
  "armentieres": {
    "address": "26 Rue Des Chauffours",
    "been": false,
    "city": "Armentières",
    "coords": "50.6874961, 2.8868329",
    "country": "FR",
    "icons": ["🇫🇷"],
    "name": "Armentières",
    "zip": "59280"
  },
  "auch": {
    "address": "3450 Route D'Agen",
    "been": false,
    "city": "Auch",
    "coords": "43.69333750000001, 0.6084113",
    "country": "FR",
    "icons": ["🇫🇷"],
    "name": "Auch",
    "zip": "32000"
  },
  "aurillac": {
    "address": "10 Rue De La Somme",
    "been": false,
    "city": "Aurillac",
    "coords": "44.9093457, 2.4412363",
    "country": "FR",
    "icons": ["🇫🇷"],
    "name": "Aurillac",
    "zip": "15000"
  },
  "aussillon": {
    "address": "45 Rue Des Auques",
    "been": false,
    "city": "Aussillon",
    "coords": "43.5014909, 2.3734759",
    "country": "FR",
    "icons": ["🇫🇷"],
    "name": "Aussillon",
    "zip": "81200"
  },
  "beauvais": {
    "address": "22 Rue Emmaüs",
    "been": false,
    "city": "Beauvais",
    "coords": "49.4219095, 2.0970002",
    "country": "FR",
    "icons": ["🇫🇷"],
    "name": "Beauvais",
    "zip": "60000"
  },
  "bernes-sur-oise": {
    "address": "9 Chemin Pavé",
    "been": false,
    "city": "Paris",
    "coords": "49.1519187, 2.3019697",
    "country": "FR",
    "icons": ["🇫🇷"],
    "name": "Bernes-sur-Oise",
    "zip": "95340"
  },
  "berry-au-bac": {
    "address": "3 Avenue Du Général De Gaulle",
    "been": true,
    "city": "Berry-au-Bac",
    "coords": "49.4014626, 3.8993172",
    "country": "FR",
    "icons": ["🇫🇷"],
    "name": "Berry-au-Bac",
    "zip": "2190"
  },
  "besancon": {
    "address": "9 Chemin Des Vallières",
    "been": false,
    "city": "Besançon",
    "coords": "47.2145485, 5.9890886",
    "country": "FR",
    "icons": ["🇫🇷"],
    "name": "Besançon",
    "zip": "25000"
  },
  "bogy": {
    "address": "Hameau De Charbieux",
    "been": false,
    "city": "Bogy",
    "coords": "45.28364000, 4.76709000",
    "country": "FR",
    "icons": ["🇫🇷"],
    "name": "Bogy",
    "zip": "7340"
  },
  "bosseval-et-briancourt": {
    "address": "Ferme De Briancourt",
    "been": false,
    "city": "Bosseval-et-Briancourt",
    "coords": "49.754444, 4.874975",
    "country": "FR",
    "icons": ["🇫🇷"],
    "name": "Bosseval-et-Briancourt",
    "zip": "8350"
  },
  "bougival": {
    "address": "7 Ile De La Loge",
    "been": false,
    "city": "Paris",
    "coords": "48.87066730000001, 2.128559",
    "country": "FR",
    "icons": ["🇫🇷"],
    "name": "Bougival",
    "zip": "78380"
  },
  "bouguenais": {
    "address": "La Guilloterie",
    "been": false,
    "city": "Bouguenais",
    "coords": "47.1603218, -1.5592661",
    "country": "FR",
    "icons": ["🇫🇷"],
    "name": "Bouguenais",
    "zip": "44340"
  },
  "bourgoin-jallieu": {
    "address": "35 Petite Rue De La Plaine",
    "been": false,
    "city": "Bourgoin-Jallieu",
    "coords": "45.601198, 5.2567143",
    "country": "FR",
    "icons": ["🇫🇷"],
    "name": "Bourgoin-Jallieu",
    "zip": "38300"
  },
  "brienne-le-chateau": {
    "address": "34, Rue De L'ecole Militaire",
    "been": false,
    "city": "Brienne-le-Château",
    "coords": "48.3886429, 4.5278847",
    "country": "FR",
    "icons": ["🇫🇷"],
    "name": "Brienne-le-Château",
    "zip": "10500"
  },
  "brive-la-gaillarde": {
    "address": "50 Avenue Alfred De Musset",
    "been": false,
    "city": "Brive-la-Gaillarde",
    "coords": "45.162699, 1.5250959",
    "country": "FR",
    "icons": ["🇫🇷"],
    "name": "Brive-la-Gaillarde",
    "zip": "19100"
  },
  "bruay-la-buissiere": {
    "address": "Ancien Carreau De Carbolux",
    "been": false,
    "city": "Bruay-la-Buissière",
    "coords": "50.48161000, 2.54937000",
    "country": "FR",
    "icons": ["🇫🇷"],
    "name": "Bruay-la-Buissière",
    "zip": "62700"
  },
  "cabries": {
    "address": "Chemin D'emmaüs",
    "been": false,
    "city": "Marseille",
    "coords": "43.4270065, 5.381944",
    "country": "FR",
    "icons": ["🇫🇷"],
    "name": "Cabriès",
    "zip": "13480"
  },
  "caen": {
    "address": "102 Avenue De Rouen",
    "been": false,
    "city": "Caen",
    "coords": "49.1737435, -0.3314263",
    "country": "FR",
    "icons": ["🇫🇷"],
    "name": "Caen",
    "zip": "14000"
  },
  "cahors": {
    "address": "Rue Abbé Pierre",
    "been": false,
    "city": "Cahors",
    "coords": "44.4791786, 1.4106196",
    "country": "FR",
    "icons": ["🇫🇷"],
    "name": "Cahors",
    "zip": "46000"
  },
  "camon": {
    "address": "Zac Blanche Tâche",
    "been": false,
    "city": "Camon",
    "coords": "49.90085300000001, 2.355506",
    "country": "FR",
    "icons": ["🇫🇷"],
    "name": "Camon",
    "zip": "80450"
  },
  "carbonne": {
    "address": "Z.i. De Naudon",
    "been": false,
    "city": "Carbonne",
    "coords": "43.2921092, 1.1985223",
    "country": "FR",
    "icons": ["🇫🇷"],
    "name": "Carbonne",
    "zip": "31390"
  },
  "carcassonne-1": {
    "address": "80 Rue De La Coustoune",
    "been": false,
    "city": "Carcassonne",
    "coords": "43.2105166, 2.3139695",
    "country": "FR",
    "icons": ["🇫🇷"],
    "name": "Carcassonne 1",
    "zip": "11000"
  },
  "carcassonne-2": {
    "address": "135 Bis Avenue Franklin Roosevelt",
    "been": false,
    "city": "Carcassonne",
    "coords": "43.2212582, 2.3388019",
    "country": "FR",
    "icons": ["🇫🇷"],
    "name": "Carcassonne 2",
    "zip": "11000"
  },
  "carmaux": {
    "address": "10 Rue Courbet",
    "been": false,
    "city": "Carmaux",
    "coords": "44.0484155, 2.1598675",
    "country": "FR",
    "icons": ["🇫🇷"],
    "name": "Carmaux",
    "zip": "81400"
  },
  "castelnaudary": {
    "address": "14 Avenue Martin Dauch",
    "been": false,
    "city": "Castelnaudary",
    "coords": "43.3233048, 1.9469408",
    "country": "FR",
    "icons": ["🇫🇷"],
    "name": "Castelnaudary",
    "zip": "11400"
  },
  "castelsarrasin": {
    "address": "11 Route De Toulouse",
    "been": false,
    "city": "Castelsarrasin",
    "coords": "44.0352115, 1.1145057",
    "country": "FR",
    "icons": ["🇫🇷"],
    "name": "Castelsarrasin",
    "zip": "82100"
  },
  "cauville-sur-mer": {
    "address": "Hameau Du Tronquay",
    "been": false,
    "city": "Cauville-sur-Mer",
    "coords": "49.590518, 0.1270491",
    "country": "FR",
    "icons": ["🇫🇷"],
    "name": "Cauville-sur-Mer",
    "zip": "76930"
  },
  "cerizay": {
    "address": "16 Rue De La Chapelle",
    "been": false,
    "city": "Cerizay",
    "coords": "46.8657107, -0.687649",
    "country": "FR",
    "icons": ["🇫🇷"],
    "name": "Cerizay",
    "zip": "79140"
  },
  "cernay": {
    "address": "4 Avenue D'alsace",
    "been": false,
    "city": "Cernay",
    "coords": "47.7941864, 7.170601700000001",
    "country": "FR",
    "icons": ["🇫🇷"],
    "name": "Cernay",
    "zip": "68700"
  },
  "chalon-sur-saone": {
    "address": "10 Avenue Salvadore Allende",
    "been": false,
    "city": "Chalon-sur-Saône",
    "coords": "46.8055019, 4.8577925",
    "country": "FR",
    "icons": ["🇫🇷"],
    "name": "Chalon-sur-Saône",
    "zip": "71100"
  },
  "champigny-sur-marne": {
    "address": "84 Voie Sonia Delaunay",
    "been": false,
    "city": "Paris",
    "coords": "48.812554, 2.5317448",
    "country": "FR",
    "icons": ["🇫🇷"],
    "name": "Champigny-sur-Marne",
    "zip": "94500"
  },
  "charenton-le-pont": {
    "address": "2Bis Avenue De La Liberté",
    "been": false,
    "city": "Paris",
    "coords": "48.8212704, 2.4020986",
    "country": "FR",
    "icons": ["🇫🇷"],
    "name": "Charenton-le-Pont",
    "zip": "94220"
  },
  "chatillon-sur-seine": {
    "address": "12 Rue Du Bourg",
    "been": false,
    "city": "Châtillon-sur-Seine",
    "coords": "47.8569051, 4.5757435",
    "country": "FR",
    "icons": ["🇫🇷"],
    "name": "Châtillon-sur-Seine",
    "zip": "21400"
  },
  "chaumont": {
    "address": "33 Rue Georges Clémenceau",
    "been": false,
    "city": "Chaumont",
    "coords": "48.1095797, 5.1401046",
    "country": "FR",
    "icons": ["🇫🇷"],
    "name": "Chaumont",
    "zip": "52000"
  },
  "chinon": {
    "address": "Le Petit Saint Lazare",
    "been": false,
    "city": "Chinon",
    "coords": "47.1509532, 0.2355642",
    "country": "FR",
    "icons": ["🇫🇷"],
    "name": "Chinon",
    "zip": "37500"
  },
  "cholet": {
    "address": "163 Rue Auguste Gibouin",
    "been": false,
    "city": "Cholet",
    "coords": "47.0253234, -0.8922757",
    "country": "FR",
    "icons": ["🇫🇷"],
    "name": "Cholet",
    "zip": "49300"
  },
  "coulounieix-chamiers": {
    "address": "7 Rue Gustave Eiffel",
    "been": false,
    "city": "Coulounieix-Chamiers",
    "coords": "45.1949402, 0.6921771999999999",
    "country": "FR",
    "icons": ["🇫🇷"],
    "name": "Coulounieix-Chamiers",
    "zip": "24660"
  },
  "courthezon": {
    "address": "748 Chemin De La Papeterie",
    "been": false,
    "city": "Courthézon",
    "coords": "44.107931, 4.886538",
    "country": "FR",
    "icons": ["🇫🇷"],
    "name": "Courthézon",
    "zip": "84350"
  },
  "courtisols": {
    "address": "72 Rue Saint Julien",
    "been": false,
    "city": "Courtisols",
    "coords": "48.9880867, 4.5562287",
    "country": "FR",
    "icons": ["🇫🇷"],
    "name": "Courtisols",
    "zip": "51460"
  },
  "cranves-sales": {
    "address": "631 Route Des Tattes De Borly",
    "been": false,
    "city": "Geneva",
    "coords": "46.1814566, 6.279084999999999",
    "country": "FR",
    "icons": ["🇫🇷"],
    "name": "Cranves-Sales",
    "zip": "74380"
  },
  "decazeville": {
    "address": "Rue Miramont",
    "been": false,
    "city": "Decazeville",
    "coords": "44.5533479, 2.2515993",
    "country": "FR",
    "icons": ["🇫🇷"],
    "name": "Decazeville",
    "zip": "12300"
  },
  "den-haag": {
    "address": "Prinsegracht 36",
    "been": true,
    "city": "Den Haag",
    "coords": "52.0742268, 4.306244299999999",
    "country": "NL",
    "icons": ["🇳🇱"],
    "name": "Den Haag",
    "zip": "2512 GA"
  },
  "deols": {
    "address": "Domaine De La Tristerie",
    "been": false,
    "city": "Déols",
    "coords": "46.8103338, 1.7520254",
    "country": "FR",
    "icons": ["🇫🇷"],
    "name": "Déols",
    "zip": "36130"
  },
  "dieuze": {
    "address": "Impasse Madeleine",
    "been": false,
    "city": "Dieuze",
    "coords": "48.81195, 6.713808999999999",
    "country": "FR",
    "icons": ["🇫🇷"],
    "name": "Dieuze",
    "zip": "57260"
  },
  "douvres-la-delivrande": {
    "address": "Château De Tailleville",
    "been": false,
    "city": "Douvres-la-Délivrande",
    "coords": "49.3071692, -0.4090216",
    "country": "FR",
    "icons": ["🇫🇷"],
    "name": "Douvres-la-Délivrande",
    "zip": "14440"
  },
  "echinghen": {
    "address": "Rue Charles Sauvage",
    "been": false,
    "city": "Echinghen",
    "coords": "50.6932857, 1.6286253",
    "country": "FR",
    "icons": ["🇫🇷"],
    "name": "Echinghen",
    "zip": "62360"
  },
  "egletons": {
    "address": "Z.i. De Chaulaudre",
    "been": false,
    "city": "Égletons",
    "coords": "45.3966786, 2.0358312",
    "country": "FR",
    "icons": ["🇫🇷"],
    "name": "Égletons",
    "zip": "19300"
  },
  "equeurdreville-hainneville": {
    "address": "Rue De L'abbé Pierre",
    "been": false,
    "city": "Équeurdreville-Hainneville",
    "coords": "49.6597392, -1.6890517",
    "country": "FR",
    "icons": ["🇫🇷"],
    "name": "Équeurdreville-Hainneville",
    "zip": "50120"
  },
  "erquery": {
    "address": "Rue Pasteur",
    "been": false,
    "city": "Erquery",
    "coords": "49.4047001, 2.4614532",
    "country": "FR",
    "icons": ["🇫🇷"],
    "name": "Erquery",
    "zip": "60600"
  },
  "escalquens": {
    "address": "21 Avenue De La Gare",
    "been": false,
    "city": "Toulouse",
    "coords": "43.516592, 1.5394677",
    "country": "FR",
    "icons": ["🇫🇷"],
    "name": "Escalquens",
    "zip": "31750"
  },
  "esvres": {
    "address": "La Pommeraye",
    "been": false,
    "city": "Esvres",
    "coords": "47.3003523, 0.7939613",
    "country": "FR",
    "icons": ["🇫🇷"],
    "name": "Esvres",
    "zip": "37320"
  },
  "etang-sur-arroux": {
    "address": "Rue Saint Didier",
    "been": false,
    "city": "Étang-sur-Arroux",
    "coords": "46.85764, 4.171613",
    "country": "FR",
    "icons": ["🇫🇷"],
    "name": "Étang-sur-Arroux",
    "zip": "71190"
  },
  "etoile-sur-rhone": {
    "address": "Prieuré De Saint Marcellin",
    "been": false,
    "city": "Étoile-sur-Rhône",
    "coords": "44.8307762, 4.9088926",
    "country": "FR",
    "icons": ["🇫🇷"],
    "name": "Étoile-sur-Rhône",
    "zip": "26800"
  },
  "eu": {
    "address": "Voie Abbé Pierre",
    "been": false,
    "city": "Eu",
    "coords": "50.054198, 1.423191",
    "country": "FR",
    "icons": ["🇫🇷"],
    "name": "Eu",
    "zip": "76260"
  },
  "figeac": {
    "address": "Avenue De Toulouse",
    "been": false,
    "city": "Figeac",
    "coords": "44.6028837, 2.0363054",
    "country": "FR",
    "icons": ["🇫🇷"],
    "name": "Figeac",
    "zip": "46100"
  },
  "foissy": {
    "address": "Communauté Emmaüs",
    "been": false,
    "city": "Foissy",
    "coords": "47.1234961, 4.5286096",
    "country": "FR",
    "icons": ["🇫🇷"],
    "name": "Foissy",
    "zip": "21230"
  },
  "follainville-dennemont": {
    "address": "Route De Sandrancourt",
    "been": false,
    "city": "Follainville-Dennemont",
    "coords": "49.01812409999999, 1.6793258",
    "country": "FR",
    "icons": ["🇫🇷"],
    "name": "Follainville-Dennemont",
    "zip": "78520"
  },
  "fontaine-notre-dame": {
    "address": "952 Route Nationale",
    "been": false,
    "city": "Fontaine-Notre-Dame",
    "coords": "50.1685609, 3.1650063",
    "country": "FR",
    "icons": ["🇫🇷"],
    "name": "Fontaine-Notre-Dame",
    "zip": "59400"
  },
  "forbach": {
    "address": "34 Rue Du Rempart",
    "been": false,
    "city": "Forbach",
    "coords": "49.1914483, 6.9026036",
    "country": "FR",
    "icons": ["🇫🇷"],
    "name": "Forbach",
    "zip": "57600"
  },
  "fougeres": {
    "address": "11 Rue Des Compagnons D'emmaüs",
    "been": false,
    "city": "Fougères",
    "coords": "48.35516, -1.182522",
    "country": "FR",
    "icons": ["🇫🇷"],
    "name": "Fougères",
    "zip": "35300"
  },
  "foulain": {
    "address": "Rue Des Pichaux",
    "been": false,
    "city": "Foulain",
    "coords": "48.0432046, 5.2090539",
    "country": "FR",
    "icons": ["🇫🇷"],
    "name": "Foulain",
    "zip": "52800"
  },
  "frontignan": {
    "address": "122 Avenue De La Méditerrannée",
    "been": false,
    "city": "Frontignan",
    "coords": "43.4242065, 3.744437",
    "country": "FR",
    "icons": ["🇫🇷"],
    "name": "Frontignan",
    "zip": "34110"
  },
  "glageon": {
    "address": "2 Rue Du Moulin",
    "been": false,
    "city": "Glageon",
    "coords": "50.0590354, 4.0803138",
    "country": "FR",
    "icons": ["🇫🇷"],
    "name": "Glageon",
    "zip": "59132"
  },
  "grande-synthe": {
    "address": "62 Rue De La Gare",
    "been": false,
    "city": "Grande-Synthe",
    "coords": "51.0033159, 2.3089479",
    "country": "FR",
    "icons": ["🇫🇷"],
    "name": "Grande-Synthe",
    "zip": "59760"
  },
  "grisolles": {
    "address": "Rn20",
    "been": false,
    "city": "Grisolles",
    "coords": "43.8271512, 1.2955356",
    "country": "FR",
    "icons": ["🇫🇷"],
    "name": "Grisolles",
    "zip": "82170"
  },
  "haguenau": {
    "address": "99 Route De Bischwiller",
    "been": false,
    "city": "Haguenau",
    "coords": "48.79732010000001, 7.8235559",
    "country": "FR",
    "icons": ["🇫🇷"],
    "name": "Haguenau",
    "zip": "67500"
  },
  "hede": {
    "address": "Route De Guipel",
    "been": false,
    "city": "Hédé",
    "coords": "48.29611000, -1.79685000",
    "country": "FR",
    "icons": ["🇫🇷"],
    "name": "Hédé",
    "zip": "35630"
  },
  "ivry-sur-seine-1": {
    "address": "42 Rue Pierre Et Marie Curie",
    "been": false,
    "city": "Paris",
    "coords": "48.8138778, 2.3715618",
    "country": "FR",
    "icons": ["🇫🇷"],
    "name": "Ivry-sur-Seine 1",
    "zip": "94200"
  },
  "ivry-sur-seine-2": {
    "address": "14 Rue Jules Vanzuppe",
    "been": false,
    "city": "Paris",
    "coords": "48.8199745, 2.393794",
    "country": "FR",
    "icons": ["🇫🇷"],
    "name": "Ivry-sur-Seine 2",
    "zip": "94200"
  },
  "la-chapelle-saint-ursin": {
    "address": "Domaine Du Verniller",
    "been": false,
    "city": "La Chapelle-Saint-Ursin",
    "coords": "47.0505477, 2.3153254",
    "country": "FR",
    "icons": ["🇫🇷"],
    "name": "La Chapelle-Saint-Ursin",
    "zip": "18570"
  },
  "la-couronne": {
    "address": "23 Rue Des Compagnons D'emmaüs",
    "been": false,
    "city": "La Couronne",
    "coords": "45.6121163, 0.0775521",
    "country": "FR",
    "icons": ["🇫🇷"],
    "name": "La Couronne",
    "zip": "16400"
  },
  "la-grande-paroisse": {
    "address": "22 Rue De La Garenne",
    "been": false,
    "city": "La Grande-Paroisse",
    "coords": "48.3875997, 2.9056427",
    "country": "FR",
    "icons": ["🇫🇷"],
    "name": "La Grande-Paroisse",
    "zip": "77130"
  },
  "la-milesse": {
    "address": "Domaine De Montaillé 61 Chemin De Montaillé",
    "been": false,
    "city": "La Milesse",
    "coords": "48.0859258, 0.1050267",
    "country": "FR",
    "icons": ["🇫🇷"],
    "name": "La Milesse",
    "zip": "72650"
  },
  "la-motte-servolex": {
    "address": "405 Rue Denis Papin",
    "been": false,
    "city": "La Motte-Servolex",
    "coords": "45.6014534, 5.883876",
    "country": "FR",
    "icons": ["🇫🇷"],
    "name": "La Motte-Servolex",
    "zip": "73290"
  },
  "la-mure": {
    "address": "Zi Des Marais",
    "been": false,
    "city": "La Mure",
    "coords": "44.9307124, 5.789326399999999",
    "country": "FR",
    "icons": ["🇫🇷"],
    "name": "La Mure",
    "zip": "38350"
  },
  "la-seyne-sur-mer": {
    "address": "275 Avenue Robert Brun",
    "been": false,
    "city": "La Seyne-sur-Mer",
    "coords": "43.1173023, 5.8747432",
    "country": "FR",
    "icons": ["🇫🇷"],
    "name": "La Seyne-sur-Mer",
    "zip": "83500"
  },
  "la-ville-dieu-du-temple": {
    "address": "Domaine De La Panouille",
    "been": false,
    "city": "La Ville-Dieu-du-Temple",
    "coords": "44.0484482, 1.2451927",
    "country": "FR",
    "icons": ["🇫🇷"],
    "name": "La Ville-Dieu-du-Temple",
    "zip": "82290"
  },
  "labarsur-leze": {
    "been": false,
    "city": "Toulouse",
    "coords": "43.465543, 1.388676",
    "country": "FR",
    "icons": ["🇫🇷"],
    "name": "Labarthe-sur-Lèze"
  },
  "lavelanet": {
    "address": "2Bis Rue Jean Mermoz",
    "been": false,
    "city": "Lavelanet",
    "coords": "42.9291931, 1.8525568",
    "country": "FR",
    "icons": ["🇫🇷"],
    "name": "Lavelanet",
    "zip": "9300"
  },
  "le-blanc": {
    "address": "61/63 Rue De La République",
    "been": false,
    "city": "Le Blanc",
    "coords": "46.631879, 1.0681805",
    "country": "FR",
    "icons": ["🇫🇷"],
    "name": "Le Blanc",
    "zip": "36300"
  },
  "le-muy": {
    "address": "301 Route D'aix",
    "been": false,
    "city": "Le Muy",
    "coords": "43.4693759, 6.5584927",
    "country": "FR",
    "icons": ["🇫🇷"],
    "name": "Le Muy",
    "zip": "83490"
  },
  "le-pin-1": {
    "address": "La Boujalière",
    "been": false,
    "city": "Le Pin",
    "coords": "46.8978717, -0.6574858",
    "country": "FR",
    "icons": ["🇫🇷"],
    "name": "Le Pin 1",
    "zip": "79140"
  },
  "le-pin-2": {
    "address": "15 Rue De La Chapelle",
    "been": false,
    "city": "Le Pin",
    "coords": "46.8895376, -0.64855",
    "country": "FR",
    "icons": ["🇫🇷"],
    "name": "Le Pin 2",
    "zip": "79140"
  },
  "le-plessis-trevise": {
    "address": "41 Avenue Lefèvre",
    "been": false,
    "city": "Paris",
    "coords": "48.8017366, 2.5873417",
    "country": "FR",
    "icons": ["🇫🇷"],
    "name": "Le Plessis-Trévise",
    "zip": "94420"
  },
  "le-puy-en-velay": {
    "address": "ZA de Thaulhac",
    "been": true,
    "city": "Le Puy-en-Velay",
    "coords": "45.0133136, 3.9028719",
    "country": "FR",
    "icons": ["🇫🇷"],
    "name": "Le Puy-en-Velay",
    "zip": "43000"
  },
  "le-relecq-kerhuon": {
    "address": "5 Rue De L'abbé Pierre",
    "been": false,
    "city": "Le Relecq-Kerhuon",
    "coords": "48.396989, -4.4134593",
    "country": "FR",
    "icons": ["🇫🇷"],
    "name": "Le Relecq-Kerhuon",
    "zip": "29480"
  },
  "le-russey": {
    "address": "15 Rue Des Trois Sapins",
    "been": false,
    "city": "Le Russey",
    "coords": "47.16031479999999, 6.737281100000001",
    "country": "FR",
    "icons": ["🇫🇷"],
    "name": "Le Russey",
    "zip": "25210"
  },
  "le-versoud": {
    "address": "304 Rue Henri Giraud",
    "been": false,
    "city": "Le Versoud",
    "coords": "45.2118411, 5.852342999999999",
    "country": "FR",
    "icons": ["🇫🇷"],
    "name": "Le Versoud",
    "zip": "38420"
  },
  "les-attaques": {
    "address": "14-15 Route Nationale",
    "been": false,
    "city": "Les Attaques",
    "coords": "50.9048089, 1.947398",
    "country": "FR",
    "icons": ["🇫🇷"],
    "name": "Les Attaques",
    "zip": "62730"
  },
  "les-essarts": {
    "address": "Le Bois Jaulin",
    "been": false,
    "city": "Les Essarts",
    "coords": "46.748762, -1.242151",
    "country": "FR",
    "icons": ["🇫🇷"],
    "name": "Les Essarts",
    "zip": "85140"
  },
  "les-fins": {
    "address": "19 Za Les Prés Mouchets",
    "been": false,
    "city": "Les Fins",
    "coords": "47.0875577, 6.6326838",
    "country": "FR",
    "icons": ["🇫🇷"],
    "name": "Les Fins",
    "zip": "25500"
  },
  "les-ulis": {
    "address": "Centre Commercial Les Boutiques",
    "been": false,
    "city": "Paris",
    "coords": "48.67679070000001, 2.1715473",
    "country": "FR",
    "icons": ["🇫🇷"],
    "name": "Les Ulis",
    "zip": "91940"
  },
  "lescar": {
    "address": "Chemin Cami Salie",
    "been": false,
    "city": "Lescar",
    "coords": "43.350862, -0.4534859999999999",
    "country": "FR",
    "icons": ["🇫🇷"],
    "name": "Lescar",
    "zip": "64230"
  },
  "liguge": {
    "address": "La Matauderie",
    "been": false,
    "city": "Ligugé",
    "coords": "46.5422417, 0.3129409",
    "country": "FR",
    "icons": ["🇫🇷"],
    "name": "Ligugé",
    "zip": "86240"
  },
  "lillebonne": {
    "address": "1 Rue Des Chouquets",
    "been": false,
    "city": "Lillebonne",
    "coords": "49.5184276, 0.5342905",
    "country": "FR",
    "icons": ["🇫🇷"],
    "name": "Lillebonne",
    "zip": "76170"
  },
  "lisle-sur-tarn": {
    "address": "Za De L'arlbarette",
    "been": false,
    "city": "Lisle-sur-Tarn",
    "coords": "43.84828, 1.78966",
    "country": "FR",
    "icons": ["🇫🇷"],
    "name": "Lisle-sur-Tarn",
    "zip": "81310"
  },
  "longjumeau": {
    "address": "5 Avenue De L'abbé Pierre",
    "been": false,
    "city": "Paris",
    "coords": "48.697848, 2.300987",
    "country": "FR",
    "icons": ["🇫🇷"],
    "name": "Longjumeau",
    "zip": "91160"
  },
  "mably": {
    "address": "90 Rue Des Rosiers",
    "been": false,
    "city": "Mably",
    "coords": "46.0908269, 4.075311000000001",
    "country": "FR",
    "icons": ["🇫🇷"],
    "name": "Mably",
    "zip": "42300"
  },
  "magny-cours": {
    "address": "Domaine De La Folie",
    "been": false,
    "city": "Magny-Cours",
    "coords": "46.875388, 3.175836",
    "country": "FR",
    "icons": ["🇫🇷"],
    "name": "Magny-Cours",
    "zip": "58470"
  },
  "maisons-alfort": {
    "address": "145 Rue Marc Sauguier",
    "been": false,
    "city": "Paris",
    "coords": "48.80598370000001, 2.4585134",
    "country": "FR",
    "icons": ["🇫🇷"],
    "name": "Maisons-Alfort",
    "zip": "94700"
  },
  "marguerittes": {
    "address": "730 Avenue Clément Ader",
    "been": false,
    "city": "Marguerittes",
    "coords": "43.8644502, 4.4352938",
    "country": "FR",
    "icons": ["🇫🇷"],
    "name": "Marguerittes",
    "zip": "30320"
  },
  "marseille-11e": {
    "address": "46 Boulevard De La Cartonnerie",
    "been": false,
    "city": "Marseille",
    "coords": "43.290956, 5.461757599999999",
    "country": "FR",
    "icons": ["🇫🇷"],
    "name": "Marseille 11e",
    "zip": "13011"
  },
  "marseille-1er": {
    "address": "3, Rue Collbert",
    "been": false,
    "city": "Marseille",
    "coords": "43.299014, 5.3755117",
    "country": "FR",
    "icons": ["🇫🇷"],
    "name": "Marseille 1er",
    "zip": "13001"
  },
  "marseille-8e": {
    "address": "110 Traverse Parangon",
    "been": false,
    "city": "Marseille",
    "coords": "43.23827, 5.377566400000001",
    "country": "FR",
    "icons": ["🇫🇷"],
    "name": "Marseille 8e",
    "zip": "13008"
  },
  "marvejols": {
    "address": "Pré De Suzon",
    "been": false,
    "city": "Marvejols",
    "coords": "44.55448519999999, 3.2868885",
    "country": "FR",
    "icons": ["🇫🇷"],
    "name": "Marvejols",
    "zip": "48100"
  },
  "mauleon": {
    "address": "9 Rue De La Tannerie",
    "been": false,
    "city": "Mauléon",
    "coords": "46.9783479, -0.8379839",
    "country": "FR",
    "icons": ["🇫🇷"],
    "name": "Mauléon",
    "zip": "79700"
  },
  "metz-tessy": {
    "address": "18 Impasse Des Bois",
    "been": false,
    "city": "Metz-Tessy",
    "coords": "45.9273647, 6.112986299999999",
    "country": "FR",
    "icons": ["🇫🇷"],
    "name": "Metz-Tessy",
    "zip": "74370"
  },
  "millau": {
    "address": "14 Rue De La Condamine",
    "been": false,
    "city": "Millau",
    "coords": "44.1005926, 3.0758171",
    "country": "FR",
    "icons": ["🇫🇷"],
    "name": "Millau",
    "zip": "12100"
  },
  "mont-sur-meurthe": {
    "address": "15 Rue De L'abbé Pierre",
    "been": false,
    "city": "Mont-sur-Meurthe",
    "coords": "48.5517502, 6.448790499999999",
    "country": "FR",
    "icons": ["🇫🇷"],
    "name": "Mont-sur-Meurthe",
    "zip": "54360"
  },
  "montbeliard": {
    "address": "Domaine De Montvillars",
    "been": false,
    "city": "Montbéliard",
    "coords": "47.5349212, 6.7561626",
    "country": "FR",
    "icons": ["🇫🇷"],
    "name": "Montbéliard",
    "zip": "25200"
  },
  "montelimar": {
    "address": "Z.a Avenue Du Meyrol",
    "been": false,
    "city": "Montélimar",
    "coords": "44.5728414, 4.743678099999999",
    "country": "FR",
    "icons": ["🇫🇷"],
    "name": "Montélimar",
    "zip": "26200"
  },
  "montlucon": {
    "address": "26 Rue Du 14 Juillet",
    "been": false,
    "city": "Montluçon",
    "coords": "46.33449539999999, 2.6020329",
    "country": "FR",
    "icons": ["🇫🇷"],
    "name": "Montluçon",
    "zip": "3100"
  },
  "morlaix": {
    "address": "Coat Grall",
    "been": false,
    "city": "Morlaix",
    "coords": "48.604125, -3.803065",
    "country": "FR",
    "icons": ["🇫🇷"],
    "name": "Morlaix",
    "zip": "29600"
  },
  "mornant": {
    "address": "1 Bis Bd Du Pilat",
    "been": false,
    "city": "Mornant",
    "coords": "45.61705569999999, 4.675759999999999",
    "country": "FR",
    "icons": ["🇫🇷"],
    "name": "Mornant",
    "zip": "69440"
  },
  "moulins": {
    "address": "80 Quai De L'allier",
    "been": false,
    "city": "Moulins",
    "coords": "46.5557263, 3.3304683",
    "country": "FR",
    "icons": ["🇫🇷"],
    "name": "Moulins",
    "zip": "3000"
  },
  "mundolsheim": {
    "address": "4 Rue Du Général Rapp",
    "been": false,
    "city": "Strasbourg",
    "coords": "48.6314691, 7.718013399999998",
    "country": "FR",
    "icons": ["🇫🇷"],
    "name": "Mundolsheim",
    "zip": "67450"
  },
  "naintre": {
    "address": "19 Rue De La Tour",
    "been": false,
    "city": "Naintré",
    "coords": "46.7722275, 0.4647051",
    "country": "FR",
    "icons": ["🇫🇷"],
    "name": "Naintré",
    "zip": "86530"
  },
  "nanterre": {
    "address": "124 Avenue Pablo Picasso",
    "been": false,
    "city": "Paris",
    "coords": "48.8882511, 2.2258156",
    "country": "FR",
    "icons": ["🇫🇷"],
    "name": "Nanterre",
    "zip": "92000"
  },
  "narbonne": {
    "address": "Cap De Pla",
    "been": false,
    "city": "Narbonne",
    "coords": "43.1818756, 2.965614",
    "country": "FR",
    "icons": ["🇫🇷"],
    "name": "Narbonne",
    "zip": "11100"
  },
  "neufchateau": {
    "address": "80 Rue Des Riaux",
    "been": false,
    "city": "Neufchâteau",
    "coords": "48.3642531, 5.6799428",
    "country": "FR",
    "icons": ["🇫🇷"],
    "name": "Neufchâteau",
    "zip": "88300"
  },
  "neuilly-plaisance-1": {
    "address": "3 Rue Edmond Michelet",
    "been": false,
    "city": "Paris",
    "coords": "48.8581811, 2.4971092",
    "country": "FR",
    "icons": ["🇫🇷"],
    "name": "Neuilly-Plaisance 1",
    "zip": "93360"
  },
  "neuilly-plaisance-2": {
    "address": "38 Avenue Paul Doumer",
    "been": false,
    "city": "Paris",
    "coords": "48.8644453, 2.506528",
    "country": "FR",
    "icons": ["🇫🇷"],
    "name": "Neuilly-Plaisance 2",
    "zip": "93360"
  },
  "neuilly-sur-marne": {
    "address": "15 Boulevard Louis Armand",
    "been": false,
    "city": "Paris",
    "coords": "48.8604713, 2.5197485",
    "country": "FR",
    "icons": ["🇫🇷"],
    "name": "Neuilly-sur-Marne",
    "zip": "93330"
  },
  "neuvy-sur-loire": {
    "address": "Route De Bonny",
    "been": false,
    "city": "Neuvy-sur-Loire",
    "coords": "47.5247337, 2.8731575",
    "country": "FR",
    "icons": ["🇫🇷"],
    "name": "Neuvy-sur-Loire",
    "zip": "58450"
  },
  "nieppe": {
    "address": "514 Ruelle Des Rameaux",
    "been": false,
    "city": "Nieppe",
    "coords": "50.6894941, 2.816687",
    "country": "FR",
    "icons": ["🇫🇷"],
    "name": "Nieppe",
    "zip": "59850"
  },
  "norges-la-ville": {
    "address": "Route De Dijon",
    "been": false,
    "city": "Norges-la-Ville",
    "coords": "47.40377400000001, 5.075436",
    "country": "FR",
    "icons": ["🇫🇷"],
    "name": "Norges-la-Ville",
    "zip": "21490"
  },
  "notre-dame-de-bondeville": {
    "address": "8 Rue De L'abbé Pierre",
    "been": false,
    "city": "Notre-Dame-de-Bondeville",
    "coords": "49.479273, 1.0582958",
    "country": "FR",
    "icons": ["🇫🇷"],
    "name": "Notre-Dame-de-Bondeville",
    "zip": "76960"
  },
  "notre-dame-de-gravenchon": {
    "address": "24 Rue Raoul Dufy",
    "been": false,
    "city": "Notre-Dame-de-Gravenchon",
    "coords": "49.486599, 0.581919",
    "country": "FR",
    "icons": ["🇫🇷"],
    "name": "Notre-Dame-de-Gravenchon",
    "zip": "76330"
  },
  "ormes": {
    "address": "1 Chemin De L'allée",
    "been": false,
    "city": "Ormes",
    "coords": "47.9534202, 1.8347795",
    "country": "FR",
    "icons": ["🇫🇷"],
    "name": "Ormes",
    "zip": "45140"
  },
  "ornans": {
    "address": "7 Route De Besançon",
    "been": false,
    "city": "Ornans",
    "coords": "47.108486, 6.126713000000001",
    "country": "FR",
    "icons": ["🇫🇷"],
    "name": "Ornans",
    "zip": "25290"
  },
  "pamiers": {
    "address": "3 Impasse Pigeonnier",
    "been": false,
    "city": "Pamiers",
    "coords": "43.1234269, 1.6234975",
    "country": "FR",
    "icons": ["🇫🇷"],
    "name": "Pamiers",
    "zip": "9100"
  },
  "pantin": {
    "address": "31 Avenue Edouard Vaillant",
    "been": false,
    "city": "Paris",
    "coords": "48.899227, 2.3966101",
    "country": "FR",
    "icons": ["🇫🇷"],
    "name": "Pantin",
    "zip": "93500"
  },
  "paray-le-monial": {
    "address": "Les Charcants, Rue Abbé Pierre",
    "been": false,
    "city": "Paray-le-Monial",
    "coords": "46.452794, 4.102530199999999",
    "country": "FR",
    "icons": ["🇫🇷"],
    "name": "Paray-le-Monial",
    "zip": "71600"
  },
  "parempuyre": {
    "address": "2 Rue Compagnons Abbé Pierre",
    "been": false,
    "city": "Bordeaux",
    "coords": "44.9452255, -0.6212466",
    "country": "FR",
    "icons": ["🇫🇷"],
    "name": "Parempuyre",
    "zip": "33290"
  },
  "paris-12e-1": {
    "address": "102 Rue De Reuilly",
    "been": false,
    "city": "Paris",
    "coords": "48.8413238, 2.3933732",
    "country": "FR",
    "icons": ["🇫🇷"],
    "name": "Paris 12e 1",
    "zip": "75012"
  },
  "paris-12e-2": {
    "address": "158 Boulevard Diderot",
    "been": false,
    "city": "Paris",
    "coords": "48.8477387, 2.391565",
    "country": "FR",
    "icons": ["🇫🇷"],
    "name": "Paris 12e 2",
    "zip": "75012"
  },
  "paris-18e-1": {
    "address": "93 Avenue De Clignancourt",
    "been": false,
    "city": "Paris",
    "coords": "48.8908326, 2.3483837",
    "country": "FR",
    "icons": ["🇫🇷"],
    "name": "Paris 18e 1",
    "zip": "75018"
  },
  "paris-18e-2": {
    "address": "105 Rue De Clignancourt",
    "been": false,
    "city": "Paris",
    "coords": "48.8915152, 2.3485837",
    "country": "FR",
    "icons": ["🇫🇷"],
    "name": "Paris 18e 2",
    "zip": "75018"
  },
  "paris-19e": {
    "address": "40 Rue Riquet",
    "been": false,
    "city": "Paris",
    "coords": "48.8891941, 2.3720168",
    "country": "FR",
    "icons": ["🇫🇷"],
    "name": "Paris 19e",
    "zip": "75019"
  },
  "paris-20e": {
    "address": "70 Rue Saint Blaise",
    "been": false,
    "city": "Paris",
    "coords": "48.8573534, 2.4077525",
    "country": "FR",
    "icons": ["🇫🇷"],
    "name": "Paris 20e",
    "zip": "75020"
  },
  "peltre": {
    "address": "Route De Strasbourg",
    "been": false,
    "city": "Peltre",
    "coords": "49.07815979999999, 6.2363694",
    "country": "FR",
    "icons": ["🇫🇷"],
    "name": "Peltre",
    "zip": "57245"
  },
  "planay": {
    "address": "1 Rue De La Tonille",
    "been": false,
    "city": "Planay",
    "coords": "47.7439664, 4.3770744",
    "country": "FR",
    "icons": ["🇫🇷"],
    "name": "Planay",
    "zip": "21500"
  },
  "pollestres": {
    "address": "Mas De Garria",
    "been": false,
    "city": "Pollestres",
    "coords": "42.625802, 2.8681336",
    "country": "FR",
    "icons": ["🇫🇷"],
    "name": "Pollestres",
    "zip": "66450"
  },
  "pont-audemer": {
    "address": "69 Rue Jules Ferry",
    "been": false,
    "city": "Pont-Audemer",
    "coords": "49.34866270000001, 0.5100099",
    "country": "FR",
    "icons": ["🇫🇷"],
    "name": "Pont-Audemer",
    "zip": "27500"
  },
  "pont-eveque": {
    "address": "Rue Gilbert Ollier",
    "been": false,
    "city": "Pont-Évêque",
    "coords": "45.5396288, 4.872145499999999",
    "country": "FR",
    "icons": ["🇫🇷"],
    "name": "Pont-Évêque",
    "zip": "38780"
  },
  "pontarlier": {
    "address": "28 Rue Gustave Eiffel",
    "been": false,
    "city": "Pontarlier",
    "coords": "46.9114063, 6.335267399999999",
    "country": "FR",
    "icons": ["🇫🇷"],
    "name": "Pontarlier",
    "zip": "25300"
  },
  "pontigny": {
    "address": "4 Rue André Merle",
    "been": false,
    "city": "Pontigny",
    "coords": "47.9133448, 3.7161406",
    "country": "FR",
    "icons": ["🇫🇷"],
    "name": "Pontigny",
    "zip": "89230"
  },
  "pontivy": {
    "address": "16 Rue Hélène Et Victor Basch",
    "been": false,
    "city": "Pontivy",
    "coords": "48.039914, -2.9649228",
    "country": "FR",
    "icons": ["🇫🇷"],
    "name": "Pontivy",
    "zip": "56300"
  },
  "pouilly-en-auxois": {
    "address": "Communauté Emmaüs",
    "been": false,
    "city": "Pouilly-en-Auxois",
    "coords": "47.1234961, 4.5286096",
    "country": "FR",
    "icons": ["🇫🇷"],
    "name": "Pouilly-en-Auxois",
    "zip": "21320"
  },
  "prahecq": {
    "address": "La Chaume",
    "been": false,
    "city": "Prahecq",
    "coords": "46.267183, -0.37778",
    "country": "FR",
    "icons": ["🇫🇷"],
    "name": "Prahecq",
    "zip": "79230"
  },
  "puy-guillaume": {
    "address": "Chemin De L'ache",
    "been": false,
    "city": "Puy-Guillaume",
    "coords": "45.949555, 3.4777356",
    "country": "FR",
    "icons": ["🇫🇷"],
    "name": "Puy-Guillaume",
    "zip": "63290"
  },
  "rambervillers": {
    "address": "Z.i.",
    "been": false,
    "city": "Rambervillers",
    "coords": "48.3379482, 6.6605633",
    "country": "FR",
    "icons": ["🇫🇷"],
    "name": "Rambervillers",
    "zip": "88700"
  },
  "redene": {
    "address": "Les Trois Pierres",
    "been": false,
    "city": "Rédené",
    "coords": "47.82532639999999, -3.4929292",
    "country": "FR",
    "icons": ["🇫🇷"],
    "name": "Rédené",
    "zip": "29300"
  },
  "roche-la-moliere-1": {
    "address": "Puits Cambefort, Rue de l'Abbé Pierre",
    "been": false,
    "city": "Roche-la-Molière",
    "coords": "45.3987883, 4.3032994",
    "country": "FR",
    "icons": ["🇫🇷"],
    "name": "Roche-la-Molière 1",
    "zip": "42230"
  },
  "roche-la-moliere-2": {
    "address": "6 Rue Rigauld",
    "been": false,
    "city": "Roche-la-Molière",
    "coords": "45.41807379999999, 4.3145424",
    "country": "FR",
    "icons": ["🇫🇷"],
    "name": "Roche-la-Molière 2",
    "zip": "42230"
  },
  "rodez": {
    "address": "Route De Decazeville",
    "been": false,
    "city": "Rodez",
    "coords": "44.3716893, 2.5472237",
    "country": "FR",
    "icons": ["🇫🇷"],
    "name": "Rodez",
    "zip": "12000"
  },
  "romorantin-lanthenay": {
    "address": "30 Route De Selles",
    "been": false,
    "city": "Romorantin-Lanthenay",
    "coords": "47.3481434, 1.7357303",
    "country": "FR",
    "icons": ["🇫🇷"],
    "name": "Romorantin-Lanthenay",
    "zip": "41200"
  },
  "ruffec": {
    "address": "22 Rue Gambetta",
    "been": false,
    "city": "Ruffec",
    "coords": "46.02981030000001, 0.1922802",
    "country": "FR",
    "icons": ["🇫🇷"],
    "name": "Ruffec",
    "zip": "16700"
  },
  "saint-agnant": {
    "address": "La Jeune Grollière",
    "been": false,
    "city": "Saint-Agnant",
    "coords": "45.886228, -0.967147",
    "country": "FR",
    "icons": ["🇫🇷"],
    "name": "Saint-Agnant",
    "zip": "17620"
  },
  "saint-amand-montrond": {
    "address": "Chemin De La Roche",
    "been": false,
    "city": "Saint-Amand-Montrond",
    "coords": "46.71452, 2.48954",
    "country": "FR",
    "icons": ["🇫🇷"],
    "name": "Saint-Amand-Montrond",
    "zip": "18200"
  },
  "saint-andre-de-la-roche": {
    "address": "158 Le Chemin Des Arnauds",
    "been": false,
    "city": "Nice",
    "coords": "43.7448191, 7.2892888",
    "country": "FR",
    "icons": ["🇫🇷"],
    "name": "Saint-André-de-la-Roche",
    "zip": "6730"
  },
  "saint-andre-le-gaz": {
    "address": "5 Rue Du Docteur Roux",
    "been": false,
    "city": "Saint-André-le-Gaz",
    "coords": "45.5446864, 5.5223828",
    "country": "FR",
    "icons": ["🇫🇷"],
    "name": "Saint-André-le-Gaz",
    "zip": "38490"
  },
  "saint-andre-lez-lille": {
    "address": "181 Rue Général Leclerc",
    "been": false,
    "city": "Lille",
    "coords": "50.6652529, 3.0493192",
    "country": "FR",
    "icons": ["🇫🇷"],
    "name": "Saint-André-lez-Lille",
    "zip": "59350"
  },
  "saint-aunes": {
    "address": "La Vieille Cadoule",
    "been": false,
    "city": "Montpellier",
    "coords": "43.645718, 3.992614",
    "country": "FR",
    "icons": ["🇫🇷"],
    "name": "Saint-Aunès",
    "zip": "34130"
  },
  "saint-brieuc": {
    "address": "Rue Du Moulin À Papier",
    "been": false,
    "city": "Saint-Brieuc",
    "coords": "48.5236469, -2.769094",
    "country": "FR",
    "icons": ["🇫🇷"],
    "name": "Saint-Brieuc",
    "zip": "22000"
  },
  "saint-claude": {
    "address": "7 Place Christin",
    "been": false,
    "city": "Saint-Claude",
    "coords": "46.3934375, 5.866105",
    "country": "FR",
    "icons": ["🇫🇷"],
    "name": "Saint-Claude",
    "zip": "39200"
  },
  "saint-denis-sur-loire": {
    "address": "124 Bis Rn 152",
    "been": false,
    "city": "Saint-Denis-sur-Loire",
    "coords": "47.628643, 1.3821519",
    "country": "FR",
    "icons": ["🇫🇷"],
    "name": "Saint-Denis-sur-Loire",
    "zip": "41000"
  },
  "saint-flour": {
    "address": "2 Rue Jean Jaurès",
    "been": true,
    "city": "Saint-Flour",
    "coords": "45.0380044, 3.100721",
    "country": "FR",
    "icons": ["🇫🇷"],
    "name": "Saint-Flour",
    "zip": "15100"
  },
  "saint-gaudens": {
    "address": "60 Avenue De Boulogne",
    "been": false,
    "city": "Saint-Gaudens",
    "coords": "43.1152993, 0.7179432",
    "country": "FR",
    "icons": ["🇫🇷"],
    "name": "Saint-Gaudens",
    "zip": "31800"
  },
  "saint-gobert": {
    "address": "3 Route Nationale 2 - Les Baraques",
    "been": true,
    "city": "Saint-Gobert",
    "coords": "49.85157030000001, 3.9028476",
    "country": "FR",
    "icons": ["🇫🇷"],
    "name": "Saint-Gobert",
    "zip": "2140"
  },
  "saint-jean-de-linieres": {
    "address": "Le Sauloup",
    "been": false,
    "city": "Saint-Jean-de-Linières",
    "coords": "47.464504, -0.683597",
    "country": "FR",
    "icons": ["🇫🇷"],
    "name": "Saint-Jean-de-Linières",
    "zip": "49070"
  },
  "saint-julien-les-villas": {
    "address": "42 Boulevard De Dijon",
    "been": false,
    "city": "Saint-Julien-les-Villas",
    "coords": "48.2680098, 4.0890173",
    "country": "FR",
    "icons": ["🇫🇷"],
    "name": "Saint-Julien-les-Villas",
    "zip": "10800"
  },
  "saint-laurent-nouan": {
    "address": "Rue Saint Germain",
    "been": false,
    "city": "Saint-Laurent-Nouan",
    "coords": "47.7184614, 1.6104703",
    "country": "FR",
    "icons": ["🇫🇷"],
    "name": "Saint-Laurent-Nouan",
    "zip": "41220"
  },
  "saint-martin-au-laert": {
    "address": "54 Rue Du Noir Cornet",
    "been": false,
    "city": "Saint-Martin-au-Laërt",
    "coords": "50.7661027, 2.2266855",
    "country": "FR",
    "icons": ["🇫🇷"],
    "name": "Saint-Martin-au-Laërt",
    "zip": "62500"
  },
  "saint-michel-le-cloucq": {
    "address": "24 Rue De La Meilleraie",
    "been": false,
    "city": "Saint-Michel-le-Cloucq",
    "coords": "46.4845694, -0.7459293",
    "country": "FR",
    "icons": ["🇫🇷"],
    "name": "Saint-Michel-le-Cloucq",
    "zip": "85200"
  },
  "saint-nolff": {
    "address": "Le Guern",
    "been": false,
    "city": "Saint-Nolff",
    "coords": "47.681879, -2.695229",
    "country": "FR",
    "icons": ["🇫🇷"],
    "name": "Saint-Nolff",
    "zip": "56250"
  },
  "saint-paul-les-romans": {
    "address": "Za Grand Chasse",
    "been": false,
    "city": "Saint-Paul-lès-Romans",
    "coords": "45.0605278, 5.1044893",
    "country": "FR",
    "icons": ["🇫🇷"],
    "name": "Saint-Paul-lès-Romans",
    "zip": "26750"
  },
  "saint-pierre-les-elbeuf": {
    "address": "131 Rue De Lierroult",
    "been": false,
    "city": "Saint-Pierre-lès-Elbeuf",
    "coords": "49.2643699, 1.049826",
    "country": "FR",
    "icons": ["🇫🇷"],
    "name": "Saint-Pierre-lès-Elbeuf",
    "zip": "76320"
  },
  "saint-pierre-sur-dives": {
    "address": "3 Rue Henry Chéron",
    "been": false,
    "city": "Saint-Pierre-sur-Dives",
    "coords": "49.0168907, -0.0278152",
    "country": "FR",
    "icons": ["🇫🇷"],
    "name": "Saint-Pierre-sur-Dives",
    "zip": "14170"
  },
  "saint-priest-taurion": {
    "address": "Moulin De La Ribière",
    "been": false,
    "city": "Saint-Priest-Taurion",
    "coords": "45.8770061, 1.3696717",
    "country": "FR",
    "icons": ["🇫🇷"],
    "name": "Saint-Priest-Taurion",
    "zip": "87480"
  },
  "saint-quentin": {
    "address": "35 Chemin De Lehaucourt",
    "been": false,
    "city": "Saint-Quentin",
    "coords": "49.863329, 3.287643",
    "country": "FR",
    "icons": ["🇫🇷"],
    "name": "Saint-Quentin",
    "zip": "2100"
  },
  "saint-romain-de-benet": {
    "address": "11 Impasse Du Blanc",
    "been": false,
    "city": "Saint-Romain-de-Benet",
    "coords": "45.6918752, -0.8636389",
    "country": "FR",
    "icons": ["🇫🇷"],
    "name": "Saint-Romain-de-Benet",
    "zip": "17600"
  },
  "sainte-radegonde": {
    "address": "11 Rue De La Mairie",
    "been": false,
    "city": "Sainte-Radegonde",
    "coords": "46.9964496, -0.2480524",
    "country": "FR",
    "icons": ["🇫🇷"],
    "name": "Sainte-Radegonde",
    "zip": "79100"
  },
  "salbris": {
    "address": "1 Rue De L'industrie",
    "been": false,
    "city": "Salbris",
    "coords": "47.4192861, 2.046603",
    "country": "FR",
    "icons": ["🇫🇷"],
    "name": "Salbris",
    "zip": "41300"
  },
  "sarrebourg": {
    "address": "Rue Erckmann Chatrian",
    "been": false,
    "city": "Sarrebourg",
    "coords": "48.73765849999999, 7.0553231",
    "country": "FR",
    "icons": ["🇫🇷"],
    "name": "Sarrebourg",
    "zip": "57400"
  },
  "sassenage": {
    "address": "Zi Les Moironds",
    "been": false,
    "city": "Sassenage",
    "coords": "45.228063, 5.6510053",
    "country": "FR",
    "icons": ["🇫🇷"],
    "name": "Sassenage",
    "zip": "38360"
  },
  "saumur": {
    "address": "62 Rue Moïse Ossant",
    "been": false,
    "city": "Saumur",
    "coords": "47.2746107, -0.0635376",
    "country": "FR",
    "icons": ["🇫🇷"],
    "name": "Saumur",
    "zip": "49400"
  },
  "scherwiller": {
    "address": "6 Place Abbé Pierre",
    "been": false,
    "city": "Scherwiller",
    "coords": "48.2879, 7.428552999999999",
    "country": "FR",
    "icons": ["🇫🇷"],
    "name": "Scherwiller",
    "zip": "67750"
  },
  "servas": {
    "address": "Au Village",
    "been": false,
    "city": "Servas",
    "coords": "46.1318195, 5.1642858",
    "country": "FR",
    "icons": ["🇫🇷"],
    "name": "Servas",
    "zip": "1960"
  },
  "servian": {
    "address": "La Bassouille",
    "been": false,
    "city": "Servian",
    "coords": "43.402973, 3.331351",
    "country": "FR",
    "icons": ["🇫🇷"],
    "name": "Servian",
    "zip": "34290"
  },
  "soissons": {
    "address": "Ferme De Chivry",
    "been": false,
    "city": "Soissons",
    "coords": "49.324544, 3.347856",
    "country": "FR",
    "icons": ["🇫🇷"],
    "name": "Soissons",
    "zip": "2200"
  },
  "strasbourg": {
    "address": "5 Chemin De La Holtzmatt",
    "been": false,
    "city": "Strasbourg",
    "coords": "48.5693947, 7.7066594",
    "country": "FR",
    "icons": ["🇫🇷"],
    "name": "Strasbourg",
    "zip": "67000"
  },
  "sumene": {
    "address": "La Cité Pont D'hérault",
    "been": false,
    "city": "Sumène",
    "coords": "43.99181, 3.683261",
    "country": "FR",
    "icons": ["🇫🇷"],
    "name": "Sumène",
    "zip": "30440"
  },
  "tarare": {
    "address": "29 Rue Du Boucher De Perthes",
    "been": false,
    "city": "Tarare",
    "coords": "45.8919618, 4.4399647",
    "country": "FR",
    "icons": ["🇫🇷"],
    "name": "Tarare",
    "zip": "69170"
  },
  "tarnos": {
    "address": "361 Route De L'abbé Pierre",
    "been": false,
    "city": "Tarnos",
    "coords": "43.5192821, -1.4183602",
    "country": "FR",
    "icons": ["🇫🇷"],
    "name": "Tarnos",
    "zip": "40220"
  },
  "thonon-les-bains": {
    "address": "Chemin Du Clos D'yvoire",
    "been": false,
    "city": "Thonon-les-Bains",
    "coords": "46.3688523, 6.4956653",
    "country": "FR",
    "icons": ["🇫🇷"],
    "name": "Thonon-les-Bains",
    "zip": "74200"
  },
  "tourcoing": {
    "address": "172 Rue Winoc Chocqueel",
    "been": false,
    "city": "Tourcoing",
    "coords": "50.7194607, 3.1743932",
    "country": "FR",
    "icons": ["🇫🇷"],
    "name": "Tourcoing",
    "zip": "59200"
  },
  "tours-sur-marne": {
    "address": "6 Rue Saint Antoine",
    "been": true,
    "city": "Tours-sur-Marne",
    "coords": "49.0480957, 4.1236733",
    "country": "FR",
    "icons": ["🇫🇷"],
    "name": "Tours-sur-Marne",
    "zip": "51150"
  },
  "trappes": {
    "address": "201 Avenue Des Bouleaux",
    "been": false,
    "city": "Trappes",
    "coords": "48.7698652, 2.0097399",
    "country": "FR",
    "icons": ["🇫🇷"],
    "name": "Trappes",
    "zip": "78190"
  },
  "vandœuvre-les-nancy": {
    "address": "32 Rue du 8E Régiment D'Artillerie",
    "been": false,
    "city": "Vandœuvre-lès-Nancy",
    "coords": "48.667557, 6.188231",
    "country": "FR",
    "icons": ["🇫🇷"],
    "name": "Vandœuvre-lès-Nancy",
    "zip": "54500"
  },
  "venissieux": {
    "address": "8 Avenue Marius Berliet",
    "been": false,
    "city": "Lyon",
    "coords": "45.714031, 4.891849",
    "country": "FR",
    "icons": ["🇫🇷"],
    "name": "Vénissieux",
    "zip": "69200"
  },
  "vesoul": {
    "address": "4 Rue Louis Ampère",
    "been": false,
    "city": "Vesoul",
    "coords": "47.6427082, 6.1703288",
    "country": "FR",
    "icons": ["🇫🇷"],
    "name": "Vesoul",
    "zip": "70000"
  },
  "vierzon": {
    "address": "Rue Louise Michel",
    "been": false,
    "city": "Vierzon",
    "coords": "47.235667, 2.070836",
    "country": "FR",
    "icons": ["🇫🇷"],
    "name": "Vierzon",
    "zip": "18100"
  },
  "villefranche-d'albigeois": {
    "address": "Bénèche",
    "been": false,
    "city": "Villefranche-d'Albigeois",
    "coords": "43.895369, 2.327693",
    "country": "FR",
    "icons": ["🇫🇷"],
    "name": "Villefranche-d'Albigeois",
    "zip": "81430"
  },
  "villiers-charlemagne": {
    "address": "La Chevalerie",
    "been": false,
    "city": "Villiers-Charlemagne",
    "coords": "47.9308509, -0.701539",
    "country": "FR",
    "icons": ["🇫🇷"],
    "name": "Villiers-Charlemagne",
    "zip": "53170"
  },
  "wambrechies": {
    "been": false,
    "city": "Lille",
    "coords": "50.69281720000001, 3.057439",
    "country": "FR",
    "icons": ["🇫🇷"],
    "name": "Wambrechies"
  }
}