{
  "--info--": {
    "icon": "🆕",
    "map": {
      "lat": "25",
      "lon": "15",
      "zoom": "2"
    },
    "name": "Newcastle",
    "size": "small",
    "type": "place"
  },
  "akhaltsikhe": {
    "been": false,
    "coords": "41.63888889, 42.98611111",
    "country": "GE",
    "icons": ["🇬🇪"],
    "info": "Georgia",
    "link": "https://en.wikipedia.org/wiki/Akhaltsikhe",
    "name": "Akhaltsikhe"
  },
  "castel-nuovo": {
    "been": true,
    "city": "Naples",
    "coords": "40.83840800, 14.25330700",
    "country": "IT",
    "icons": ["🇮🇹"],
    "info": "fortress in Naples",
    "link": "https://en.wikipedia.org/wiki/Castel_Nuovo",
    "name": "Castel Nuovo"
  },
  "castello-nuovo": {
    "been": false,
    "coords": "45.54166667, 10.21666667",
    "country": "IT",
    "icons": ["🇮🇹"],
    "info": "former fortress in Brescia",
    "link": "https://en.wikipedia.org/wiki/Brescia",
    "name": "Castello Nuovo"
  },
  "castelnau": {
    "been": false,
    "city": "London",
    "coords": "51.48600000, -0.23300000",
    "country": "GB",
    "icons": ["🇬🇧"],
    "info": "estate in Barnes south-west London",
    "link": "https://en.wikipedia.org/wiki/Castelnau,_London",
    "name": "Castelnau"
  },
  "castelnau-barbarens": {
    "been": false,
    "coords": "43.57720000, 0.72470000",
    "country": "FR",
    "icons": ["🇫🇷"],
    "info": "Gers",
    "link": "https://en.wikipedia.org/wiki/Castelnau-Barbarens",
    "name": "Castelnau-Barbarens"
  },
  "castelnau-chalosse": {
    "been": false,
    "coords": "43.66530000, -0.84280000",
    "country": "FR",
    "icons": ["🇫🇷"],
    "info": "Landes",
    "link": "https://en.wikipedia.org/wiki/Castelnau-Chalosse",
    "name": "Castelnau-Chalosse"
  },
  "castelnau-d'angles": {
    "been": false,
    "coords": "43.61000000, 0.29640000",
    "country": "FR",
    "icons": ["🇫🇷"],
    "info": "Gers",
    "link": "https://en.wikipedia.org/wiki/Castelnau-d%27Angl%C3%A8s",
    "name": "Castelnau-d'Anglès"
  },
  "castelnau-d'arbieu": {
    "been": false,
    "coords": "43.88360000, 0.70560000",
    "country": "FR",
    "icons": ["🇫🇷"],
    "info": "Gers",
    "link": "https://en.wikipedia.org/wiki/Castelnau-d%27Arbieu",
    "name": "Castelnau-d'Arbieu"
  },
  "castelnau-d'aude": {
    "been": false,
    "coords": "43.23190000, 2.67640000",
    "country": "FR",
    "icons": ["🇫🇷"],
    "info": "Aude",
    "link": "https://en.wikipedia.org/wiki/Castelnau-d%27Aude",
    "name": "Castelnau-d'Aude"
  },
  "castelnau-d'auzan": {
    "been": false,
    "coords": "43.94900000, 0.08600000",
    "country": "FR",
    "icons": ["🇫🇷"],
    "info": "Gers",
    "link": "https://en.wikipedia.org/wiki/Castelnau-d%27Auzan",
    "name": "Castelnau-d'Auzan"
  },
  "castelnau-d'estretefonds": {
    "been": false,
    "coords": "43.78330000, 1.35920000",
    "country": "FR",
    "icons": ["🇫🇷"],
    "info": "Haute-Garonne",
    "link": "https://en.wikipedia.org/wiki/Castelnau-d%27Estr%C3%A9tefonds",
    "name": "Castelnau-d'Estrétefonds"
  },
  "castelnau-de-brassac": {
    "been": false,
    "coords": "43.64970000, 2.51500000",
    "country": "FR",
    "icons": ["🇫🇷"],
    "info": "Tarn",
    "link": "https://en.wikipedia.org/wiki/Castelnau-de-Brassac",
    "name": "Castelnau-de-Brassac"
  },
  "castelnau-de-guers": {
    "been": false,
    "coords": "43.43580000, 3.43920000",
    "country": "FR",
    "icons": ["🇫🇷"],
    "info": "Hérault",
    "link": "https://en.wikipedia.org/wiki/Castelnau-de-Guers",
    "name": "Castelnau-de-Guers"
  },
  "castelnau-de-levis": {
    "been": false,
    "coords": "43.93750000, 2.08360000",
    "country": "FR",
    "icons": ["🇫🇷"],
    "info": "Tarn",
    "link": "https://en.wikipedia.org/wiki/Castelnau-de-L%C3%A9vis",
    "name": "Castelnau-de-Lévis"
  },
  "castelnau-de-mandailles": {
    "been": false,
    "coords": "44.53670000, 2.88640000",
    "country": "FR",
    "icons": ["🇫🇷"],
    "info": "Aveyron",
    "link": "https://en.wikipedia.org/wiki/Castelnau-de-Mandailles",
    "name": "Castelnau-de-Mandailles"
  },
  "castelnau-de-medoc": {
    "been": false,
    "coords": "45.02810000, -0.79810000",
    "country": "FR",
    "icons": ["🇫🇷"],
    "info": "Gironde",
    "link": "https://en.wikipedia.org/wiki/Castelnau-de-M%C3%A9doc",
    "name": "Castelnau-de-Médoc"
  },
  "castelnau-de-montmiral": {
    "been": false,
    "coords": "43.96640000, 1.82170000",
    "country": "FR",
    "icons": ["🇫🇷"],
    "info": "Tarn",
    "link": "https://en.wikipedia.org/wiki/Castelnau-de-Montmiral",
    "name": "Castelnau-de-Montmiral"
  },
  "castelnau-durban": {
    "been": false,
    "coords": "43.00190000, 1.34250000",
    "country": "FR",
    "icons": ["🇫🇷"],
    "info": "Ariège",
    "link": "https://en.wikipedia.org/wiki/Castelnau-Durban",
    "name": "Castelnau-Durban"
  },
  "castelnau-lake": {
    "been": false,
    "coords": "49.27222222, -68.21472222",
    "country": "CA",
    "icons": ["🇨🇦"],
    "info": "Baie-Comeau Quebec",
    "link": "https://en.wikipedia.org/wiki/Castelnau_Lake",
    "name": "Castelnau Lake"
  },
  "castelnau-le-lez": {
    "been": true,
    "city": "Montpellier",
    "coords": "43.63690000, 3.90190000",
    "country": "FR",
    "icons": ["🇫🇷"],
    "info": "Hérault",
    "link": "https://en.wikipedia.org/wiki/Castelnau-le-Lez",
    "name": "Castelnau-le-Lez"
  },
  "castelnau-magnoac": {
    "been": false,
    "coords": "43.29560000, 0.50810000",
    "country": "FR",
    "icons": ["🇫🇷"],
    "info": "Hautes-Pyrénées",
    "link": "https://en.wikipedia.org/wiki/Castelnau-Magnoac",
    "name": "Castelnau-Magnoac"
  },
  "castelnau-montratier": {
    "been": false,
    "coords": "44.27000000, 1.35400000",
    "country": "FR",
    "icons": ["🇫🇷"],
    "info": "Lot",
    "link": "https://en.wikipedia.org/wiki/Castelnau-Montratier",
    "name": "Castelnau-Montratier"
  },
  "castelnau-pegayrols": {
    "been": false,
    "coords": "44.12998000, 2.93051000",
    "country": "FR",
    "icons": ["🇫🇷"],
    "info": "Aveyron",
    "link": "https://en.wikipedia.org/wiki/Castelnau-P%C3%A9gayrols",
    "name": "Castelnau-Pégayrols"
  },
  "castelnau-picampeau": {
    "been": false,
    "coords": "43.30720000, 1.01920000",
    "country": "FR",
    "icons": ["🇫🇷"],
    "info": "Haute-Garonne",
    "link": "https://en.wikipedia.org/wiki/Castelnau-Picampeau",
    "name": "Castelnau-Picampeau"
  },
  "castelnau-riviere-basse": {
    "been": false,
    "coords": "43.58170000, -0.02780000",
    "country": "FR",
    "icons": ["🇫🇷"],
    "info": "Hautes-Pyrénées",
    "link": "https://en.wikipedia.org/wiki/Castelnau-Rivi%C3%A8re-Basse",
    "name": "Castelnau-Rivière-Basse"
  },
  "castelnau-sur-gupie": {
    "been": false,
    "coords": "44.56080000, 0.13330000",
    "country": "FR",
    "icons": ["🇫🇷"],
    "info": "Lot-et-Garonne",
    "link": "https://en.wikipedia.org/wiki/Castelnau-sur-Gupie",
    "name": "Castelnau-sur-Gupie"
  },
  "castelnau-sur-l'auvignon": {
    "been": false,
    "coords": "43.97280000, 0.45780000",
    "country": "FR",
    "icons": ["🇫🇷"],
    "info": "Gers",
    "link": "https://en.wikipedia.org/wiki/Castelnau-sur-l%27Auvignon",
    "name": "Castelnau-sur-l'Auvignon"
  },
  "castelnau-tursan": {
    "been": false,
    "coords": "43.65890000, -0.40580000",
    "country": "FR",
    "icons": ["🇫🇷"],
    "info": "Landes",
    "link": "https://en.wikipedia.org/wiki/Castelnau-Tursan",
    "name": "Castelnau-Tursan"
  },
  "castelnau-valence": {
    "been": false,
    "coords": "44.00970000, 4.25280000",
    "country": "FR",
    "icons": ["🇫🇷"],
    "info": "Gard",
    "link": "https://en.wikipedia.org/wiki/Castelnau-Valence",
    "name": "Castelnau-Valence"
  },
  "castelnaud-de-gratecambe": {
    "been": false,
    "coords": "44.49810000, 0.66920000",
    "country": "FR",
    "icons": ["🇫🇷"],
    "info": "Lot-et-Garonne",
    "link": "https://en.wikipedia.org/wiki/Castelnaud-de-Gratecambe",
    "name": "Castelnaud-de-Gratecambe"
  },
  "castelnaud-la-chapelle": {
    "been": true,
    "coords": "44.81580000, 1.14940000",
    "country": "FR",
    "icons": ["🇫🇷"],
    "info": "Dordogne",
    "link": "https://en.wikipedia.org/wiki/Castelnaud-la-Chapelle",
    "name": "Castelnaud-la-Chapelle"
  },
  "castelnuovo": {
    "been": true,
    "coords": "46.05000000, 11.48333333",
    "country": "IT",
    "icons": ["🇮🇹"],
    "info": "Avezzano Province of L’Aquila Abruzzo",
    "link": "https://en.wikipedia.org/wiki/Castelnuovo,_Avezzano",
    "name": "Castelnuovo"
  },
  "castelnuovo-belbo": {
    "been": false,
    "coords": "44.80000000, 8.41666667",
    "country": "IT",
    "icons": ["🇮🇹"],
    "info": "Province of Asti",
    "link": "https://en.wikipedia.org/wiki/Castelnuovo_Belbo",
    "name": "Castelnuovo Belbo"
  },
  "castelnuovo-berardenga": {
    "been": false,
    "coords": "43.34740278, 11.50440278",
    "country": "IT",
    "icons": ["🇮🇹"],
    "info": "Province of Siena",
    "link": "https://en.wikipedia.org/wiki/Castelnuovo_Berardenga",
    "name": "Castelnuovo Berardenga"
  },
  "castelnuovo-bocca-d'adda": {
    "been": false,
    "coords": "45.11666667, 9.86666667",
    "country": "IT",
    "icons": ["🇮🇹"],
    "info": "Province of Lodi",
    "link": "https://en.wikipedia.org/wiki/Castelnuovo_Bocca_d%27Adda",
    "name": "Castelnuovo Bocca d'Adda"
  },
  "castelnuovo-bormida": {
    "been": false,
    "coords": "44.73333333, 8.55000000",
    "country": "IT",
    "icons": ["🇮🇹"],
    "info": "Province of Alessandria",
    "link": "https://en.wikipedia.org/wiki/Castelnuovo_Bormida",
    "name": "Castelnuovo Bormida"
  },
  "castelnuovo-bozzente": {
    "been": false,
    "coords": "45.76666667, 8.95000000",
    "country": "IT",
    "icons": ["🇮🇹"],
    "info": "Province of Como",
    "link": "https://en.wikipedia.org/wiki/Castelnuovo_Bozzente",
    "name": "Castelnuovo Bozzente"
  },
  "castelnuovo-calcea": {
    "been": false,
    "coords": "44.78333333, 8.28333333",
    "country": "IT",
    "icons": ["🇮🇹"],
    "info": "Province of Asti",
    "link": "https://en.wikipedia.org/wiki/Castelnuovo_Calcea",
    "name": "Castelnuovo Calcea"
  },
  "castelnuovo-cilento": {
    "been": false,
    "coords": "40.21788889, 15.17711111",
    "country": "IT",
    "icons": ["🇮🇹"],
    "info": "Province of Salerno",
    "link": "https://en.wikipedia.org/wiki/Castelnuovo_Cilento",
    "name": "Castelnuovo Cilento"
  },
  "castelnuovo-d'istria": {
    "been": false,
    "coords": "45.52228889, 14.14285833",
    "country": "SI",
    "icons": ["🇸🇮"],
    "info": "Italian name of Podgrad Ilirska Bistrica",
    "link": "https://en.wikipedia.org/wiki/Podgrad,_Ilirska_Bistrica",
    "name": "Castelnuovo d'Istria"
  },
  "castelnuovo-del-garda": {
    "been": false,
    "coords": "45.43333333, 10.76666667",
    "country": "IT",
    "icons": ["🇮🇹"],
    "info": "Province of Verona",
    "link": "https://en.wikipedia.org/wiki/Castelnuovo_del_Garda",
    "name": "Castelnuovo del Garda"
  },
  "castelnuovo-della-daunia": {
    "been": false,
    "coords": "41.58333333, 15.11666667",
    "country": "IT",
    "icons": ["🇮🇹"],
    "info": "Province of Foggia",
    "link": "https://en.wikipedia.org/wiki/Castelnuovo_della_Daunia",
    "name": "Castelnuovo della Daunia"
  },
  "castelnuovo-della-misericordia": {
    "been": false,
    "coords": "43.44250000, 10.45000000",
    "country": "IT",
    "icons": ["🇮🇹"],
    "info": "Rosignano Marittimo Livorno",
    "link": "https://en.wikipedia.org/wiki/Castelnuovo_della_Misericordia",
    "name": "Castelnuovo della Misericordia"
  },
  "castelnuovo-di-cattaro": {
    "been": false,
    "country": "ME",
    "icons": ["🇲🇪"],
    "info": "Italian name of Herceg Novi",
    "link": "https://en.wikipedia.org/wiki/Castelnuovo_di_Cattaro",
    "name": "Castelnuovo di Cattaro"
  },
  "castelnuovo-di-ceva": {
    "been": false,
    "coords": "44.35000000, 8.13333333",
    "country": "IT",
    "icons": ["🇮🇹"],
    "info": "Province of Cuneo",
    "link": "https://en.wikipedia.org/wiki/Castelnuovo_di_Ceva",
    "name": "Castelnuovo di Ceva"
  },
  "castelnuovo-di-conza": {
    "been": false,
    "coords": "40.81666667, 15.31666667",
    "country": "IT",
    "icons": ["🇮🇹"],
    "info": "Province of Salerno",
    "link": "https://en.wikipedia.org/wiki/Castelnuovo_di_Conza",
    "name": "Castelnuovo di Conza"
  },
  "castelnuovo-di-farfa": {
    "been": false,
    "coords": "42.23333333, 12.75000000",
    "country": "IT",
    "icons": ["🇮🇹"],
    "info": "Province of Rieti",
    "link": "https://en.wikipedia.org/wiki/Castelnuovo_di_Farfa",
    "name": "Castelnuovo di Farfa"
  },
  "castelnuovo-di-garfagnana": {
    "been": false,
    "coords": "44.12194444, 10.40555556",
    "country": "IT",
    "icons": ["🇮🇹"],
    "info": "Province of Lucca",
    "link": "https://en.wikipedia.org/wiki/Castelnuovo_di_Garfagnana",
    "name": "Castelnuovo di Garfagnana"
  },
  "castelnuovo-di-porto": {
    "been": false,
    "coords": "42.13333333, 12.50000000",
    "country": "IT",
    "icons": ["🇮🇹"],
    "info": "Province of Rome",
    "link": "https://en.wikipedia.org/wiki/Castelnuovo_di_Porto",
    "name": "Castelnuovo di Porto"
  },
  "castelnuovo-di-val-di-cecina": {
    "been": false,
    "coords": "43.21666667, 10.90000000",
    "country": "IT",
    "icons": ["🇮🇹"],
    "info": "Province of Pisa",
    "link": "https://en.wikipedia.org/wiki/Castelnuovo_di_Val_di_Cecina",
    "name": "Castelnuovo di Val di Cecina"
  },
  "castelnuovo-don-bosco": {
    "been": false,
    "coords": "45.03333333, 7.96666667",
    "country": "IT",
    "icons": ["🇮🇹"],
    "info": "Province of Asti",
    "link": "https://en.wikipedia.org/wiki/Castelnuovo_Don_Bosco",
    "name": "Castelnuovo Don Bosco"
  },
  "castelnuovo-magra": {
    "been": false,
    "coords": "44.10000000, 10.01666667",
    "country": "IT",
    "icons": ["🇮🇹"],
    "info": "Province of La Spezia",
    "link": "https://en.wikipedia.org/wiki/Castelnuovo_Magra",
    "name": "Castelnuovo Magra"
  },
  "castelnuovo-nigra": {
    "been": false,
    "coords": "45.43333333, 7.70000000",
    "country": "IT",
    "icons": ["🇮🇹"],
    "info": "Province of Turin",
    "link": "https://en.wikipedia.org/wiki/Castelnuovo_Nigra",
    "name": "Castelnuovo Nigra"
  },
  "castelnuovo-parano": {
    "been": false,
    "coords": "41.36666667, 13.75000000",
    "country": "IT",
    "icons": ["🇮🇹"],
    "info": "Province of Frosinone",
    "link": "https://en.wikipedia.org/wiki/Castelnuovo_Parano",
    "name": "Castelnuovo Parano"
  },
  "castelnuovo-rangone": {
    "been": false,
    "coords": "44.55000000, 10.93333333",
    "country": "IT",
    "icons": ["🇮🇹"],
    "info": "Province of Modena",
    "link": "https://en.wikipedia.org/wiki/Castelnuovo_Rangone",
    "name": "Castelnuovo Rangone"
  },
  "castelnuovo-scrivia": {
    "been": false,
    "coords": "44.96666667, 8.86666667",
    "country": "IT",
    "icons": ["🇮🇹"],
    "info": "Province of Alessandria",
    "link": "https://en.wikipedia.org/wiki/Castelnuovo_Scrivia",
    "name": "Castelnuovo Scrivia"
  },
  "chateauneuf": {
    "been": false,
    "coords": "47.21970000, 4.64190000",
    "country": "FR",
    "icons": ["🇫🇷"],
    "info": "Vendée",
    "link": "https://en.wikipedia.org/wiki/Ch%C3%A2teauneuf,_Vend%C3%A9e",
    "name": "Châteauneuf"
  },
  "chateauneuf-d'entraunes": {
    "been": false,
    "coords": "44.12920000, 6.83280000",
    "country": "FR",
    "icons": ["🇫🇷"],
    "info": "Alpes-Maritimes",
    "link": "https://en.wikipedia.org/wiki/Ch%C3%A2teauneuf-d%27Entraunes",
    "name": "Châteauneuf-d'Entraunes"
  },
  "chateauneuf-d'ille-et-vilaine": {
    "been": false,
    "coords": "48.56190000, -1.92860000",
    "country": "FR",
    "icons": ["🇫🇷"],
    "info": "Ille-et-Vilaine",
    "link": "https://en.wikipedia.org/wiki/Ch%C3%A2teauneuf-d%27Ille-et-Vilaine",
    "name": "Châteauneuf-d'Ille-et-Vilaine"
  },
  "chateauneuf-d'oze": {
    "been": false,
    "coords": "44.51250000, 5.86530000",
    "country": "FR",
    "icons": ["🇫🇷"],
    "info": "Hautes-Alpes",
    "link": "https://en.wikipedia.org/wiki/Ch%C3%A2teauneuf-d%27Oze",
    "name": "Châteauneuf-d'Oze"
  },
  "chateauneuf-de-bordette": {
    "been": false,
    "coords": "44.33610000, 5.17890000",
    "country": "FR",
    "icons": ["🇫🇷"],
    "info": "Drôme",
    "link": "https://en.wikipedia.org/wiki/Ch%C3%A2teauneuf-de-Bordette",
    "name": "Châteauneuf-de-Bordette"
  },
  "chateauneuf-de-chabre": {
    "been": false,
    "coords": "44.28360000, 5.82030000",
    "country": "FR",
    "icons": ["🇫🇷"],
    "info": "Hautes-Alpes",
    "link": "https://en.wikipedia.org/wiki/Ch%C3%A2teauneuf-de-Chabre",
    "name": "Châteauneuf-de-Chabre"
  },
  "chateauneuf-de-gadagne": {
    "been": false,
    "coords": "43.92800000, 4.94600000",
    "country": "FR",
    "icons": ["🇫🇷"],
    "info": "Vaucluse",
    "link": "https://en.wikipedia.org/wiki/Ch%C3%A2teauneuf-de-Gadagne",
    "name": "Châteauneuf-de-Gadagne"
  },
  "chateauneuf-de-galaure": {
    "been": false,
    "coords": "45.23280000, 4.95750000",
    "country": "FR",
    "icons": ["🇫🇷"],
    "info": "Drôme",
    "link": "https://en.wikipedia.org/wiki/Ch%C3%A2teauneuf-de-Galaure",
    "name": "Châteauneuf-de-Galaure"
  },
  "chateauneuf-de-randon": {
    "been": false,
    "coords": "44.64140000, 3.67610000",
    "country": "FR",
    "icons": ["🇫🇷"],
    "info": "Lozère",
    "link": "https://en.wikipedia.org/wiki/Ch%C3%A2teauneuf-de-Randon",
    "name": "Châteauneuf-de-Randon"
  },
  "chateauneuf-de-vernoux": {
    "been": false,
    "coords": "44.92000000, 4.64610000",
    "country": "FR",
    "icons": ["🇫🇷"],
    "info": "Ardèche",
    "link": "https://en.wikipedia.org/wiki/Ch%C3%A2teauneuf-de-Vernoux",
    "name": "Châteauneuf-de-Vernoux"
  },
  "chateauneuf-du-faou": {
    "been": false,
    "coords": "48.18750000, -3.81310000",
    "country": "FR",
    "icons": ["🇫🇷"],
    "info": "Finistère",
    "link": "https://en.wikipedia.org/wiki/Ch%C3%A2teauneuf-du-Faou",
    "name": "Châteauneuf-du-Faou"
  },
  "chateauneuf-du-pape": {
    "been": false,
    "coords": "44.05690000, 4.83190000",
    "country": "FR",
    "icons": ["🇫🇷"],
    "info": "Vaucluse",
    "link": "https://en.wikipedia.org/wiki/Ch%C3%A2teauneuf-du-Pape",
    "name": "Châteauneuf-du-Pape"
  },
  "chateauneuf-du-pape-aoc": {
    "been": false,
    "country": "FR",
    "icons": ["🇫🇷"],
    "info": "the wine region",
    "link": "https://en.wikipedia.org/wiki/Ch%C3%A2teauneuf-du-Pape_AOC",
    "name": "Châteauneuf-du-Pape AOC",
    "wikidata": "Q2914687"
  },
  "chateauneuf-du-rhone": {
    "been": false,
    "coords": "44.48670000, 4.71720000",
    "country": "FR",
    "icons": ["🇫🇷"],
    "info": "Drôme",
    "link": "https://en.wikipedia.org/wiki/Ch%C3%A2teauneuf-du-Rh%C3%B4ne",
    "name": "Châteauneuf-du-Rhône"
  },
  "chateauneuf-en-thymerais": {
    "been": false,
    "coords": "48.58140000, 1.24190000",
    "country": "FR",
    "icons": ["🇫🇷"],
    "info": "Eure-et-Loir",
    "link": "https://en.wikipedia.org/wiki/Ch%C3%A2teauneuf-en-Thymerais",
    "name": "Châteauneuf-en-Thymerais"
  },
  "chateauneuf-grasse": {
    "been": false,
    "coords": "43.67580000, 6.97560000",
    "country": "FR",
    "icons": ["🇫🇷"],
    "info": "Alpes-Maritimes",
    "link": "https://en.wikipedia.org/wiki/Ch%C3%A2teauneuf-Grasse",
    "name": "Châteauneuf-Grasse"
  },
  "chateauneuf-la-foret": {
    "been": false,
    "coords": "45.71390000, 1.60690000",
    "country": "FR",
    "icons": ["🇫🇷"],
    "info": "Haute-Vienne",
    "link": "https://en.wikipedia.org/wiki/Ch%C3%A2teauneuf-la-For%C3%AAt",
    "name": "Châteauneuf-la-Forêt"
  },
  "chateauneuf-le-rouge": {
    "been": false,
    "coords": "43.49060000, 5.57060000",
    "country": "FR",
    "icons": ["🇫🇷"],
    "info": "Bouches-du-Rhône",
    "link": "https://en.wikipedia.org/wiki/Ch%C3%A2teauneuf-le-Rouge",
    "name": "Châteauneuf-le-Rouge"
  },
  "chateauneuf-les-bains": {
    "been": true,
    "coords": "46.02920000, 2.89720000",
    "country": "FR",
    "icons": ["🇫🇷"],
    "info": "Puy-de-Dôme",
    "link": "https://en.wikipedia.org/wiki/Ch%C3%A2teauneuf-les-Bains",
    "name": "Châteauneuf-les-Bains"
  },
  "chateauneuf-les-martigues": {
    "been": false,
    "coords": "43.38380000, 5.16500000",
    "country": "FR",
    "icons": ["🇫🇷"],
    "info": "Bouches-du-Rhône",
    "link": "https://en.wikipedia.org/wiki/Ch%C3%A2teauneuf-les-Martigues",
    "name": "Châteauneuf-les-Martigues"
  },
  "chateauneuf-miravail": {
    "been": false,
    "coords": "44.16310000, 5.72720000",
    "country": "FR",
    "icons": ["🇫🇷"],
    "info": "Alpes-de-Haute-Provence",
    "link": "https://en.wikipedia.org/wiki/Ch%C3%A2teauneuf-Miravail",
    "name": "Châteauneuf-Miravail"
  },
  "chateauneuf-sur-charente": {
    "been": false,
    "coords": "45.59940000, -0.05250000",
    "country": "FR",
    "icons": ["🇫🇷"],
    "info": "Charente",
    "link": "https://en.wikipedia.org/wiki/Ch%C3%A2teauneuf-sur-Charente",
    "name": "Châteauneuf-sur-Charente"
  },
  "chateauneuf-sur-cher": {
    "been": false,
    "coords": "46.85830000, 2.31720000",
    "country": "FR",
    "icons": ["🇫🇷"],
    "info": "Cher",
    "link": "https://en.wikipedia.org/wiki/Ch%C3%A2teauneuf-sur-Cher",
    "name": "Châteauneuf-sur-Cher"
  },
  "chateauneuf-sur-isere": {
    "been": false,
    "coords": "45.01470000, 4.93530000",
    "country": "FR",
    "icons": ["🇫🇷"],
    "info": "Drôme",
    "link": "https://en.wikipedia.org/wiki/Ch%C3%A2teauneuf-sur-Is%C3%A8re",
    "name": "Châteauneuf-sur-Isère"
  },
  "chateauneuf-sur-loire": {
    "been": false,
    "coords": "47.86610000, 2.22310000",
    "country": "FR",
    "icons": ["🇫🇷"],
    "info": "Loiret",
    "link": "https://en.wikipedia.org/wiki/Ch%C3%A2teauneuf-sur-Loire",
    "name": "Châteauneuf-sur-Loire"
  },
  "chateauneuf-sur-sarthe": {
    "been": false,
    "coords": "47.68170000, -0.48720000",
    "country": "FR",
    "icons": ["🇫🇷"],
    "info": "Maine-et-Loire",
    "link": "https://en.wikipedia.org/wiki/Ch%C3%A2teauneuf-sur-Sarthe",
    "name": "Châteauneuf-sur-Sarthe"
  },
  "chateauneuf-val-de-bargis": {
    "been": false,
    "coords": "47.28420000, 3.22720000",
    "country": "FR",
    "icons": ["🇫🇷"],
    "info": "Nièvre",
    "link": "https://en.wikipedia.org/wiki/Ch%C3%A2teauneuf-Val-de-Bargis",
    "name": "Châteauneuf-Val-de-Bargis"
  },
  "chateauneuf-val-saint-donat": {
    "been": false,
    "coords": "44.09500000, 5.95030000",
    "country": "FR",
    "icons": ["🇫🇷"],
    "info": "Alpes-de-Haute-Provence",
    "link": "https://en.wikipedia.org/wiki/Ch%C3%A2teauneuf-Val-Saint-Donat",
    "name": "Châteauneuf-Val-Saint-Donat"
  },
  "chateauneuf-villevieille": {
    "been": false,
    "city": "Nice",
    "coords": "43.80000000, 7.28330000",
    "country": "FR",
    "icons": ["🇫🇷"],
    "info": "Alpes-Maritimes",
    "link": "https://en.wikipedia.org/wiki/Ch%C3%A2teauneuf-Villevieille",
    "name": "Châteauneuf-Villevieille"
  },
  "de-castelnau": {
    "been": true,
    "city": "Montréal",
    "coords": "45.53527778, -73.62000000",
    "country": "CA",
    "icons": ["🇨🇦"],
    "info": "Montreal Metro station",
    "link": "https://en.wikipedia.org/wiki/De_Castelnau_station",
    "name": "De Castelnau"
  },
  "herceg-novi": {
    "been": false,
    "coords": "42.45295000, 18.53120278",
    "country": "ME",
    "icons": ["🇲🇪"],
    "info": "formerly Italian Castelnuovo",
    "link": "https://en.wikipedia.org/wiki/Herceg_Novi",
    "name": "Herceg Novi"
  },
  "jaunpils": {
    "been": true,
    "coords": "56.73146111, 23.01256667",
    "country": "LV",
    "icons": ["🇱🇻"],
    "info": "Latvia",
    "link": "https://en.wikipedia.org/wiki/Jaunpils",
    "name": "Jaunpils"
  },
  "kastel-novi": {
    "been": false,
    "coords": "43.55000000, 16.33333333",
    "country": "HR",
    "icons": ["🇭🇷"],
    "info": "Dalmatia",
    "link": "https://en.wikipedia.org/wiki/Ka%C5%A1tel_Novi",
    "name": "Kaštel Novi"
  },
  "klosterneuburg": {
    "been": true,
    "city": "Vienna",
    "coords": "48.30416667, 16.31666667",
    "country": "AT",
    "icons": ["🇦🇹"],
    "info": "town in Austria",
    "link": "https://en.wikipedia.org/wiki/Klosterneuburg",
    "name": "Klosterneuburg"
  },
  "korneuberg": {
    "been": true,
    "country": "AT",
    "icons": ["🇦🇹"],
    "info": "town in Austria",
    "link": "https://en.wikipedia.org/wiki/Korneuberg",
    "name": "Korneuberg"
  },
  "kota-bharu": {
    "been": false,
    "coords": "6.13333333, 102.25000000",
    "country": "MY",
    "icons": ["🇲🇾"],
    "info": "Malaysia",
    "link": "https://en.wikipedia.org/wiki/Kota_Bharu",
    "name": "Kota Bharu"
  },
  "neuburg": {
    "been": true,
    "coords": "53.95000000, 11.58333333",
    "country": "DE",
    "icons": ["🇩🇪"],
    "info": "quarter of Freiburg Baden-Württemberg",
    "link": "https://en.wikipedia.org/wiki/Neuburg_(Freiburg_im_Breisgau)",
    "name": "Neuburg"
  },
  "neuburg-abbey": {
    "been": false,
    "coords": "49.41888889, 8.74083333",
    "country": "DE",
    "icons": ["🇩🇪"],
    "info": "Benedictine monastery near Heidelberg Rhineland-Palatinate",
    "link": "https://en.wikipedia.org/wiki/Neuburg_Abbey",
    "name": "Neuburg Abbey"
  },
  "neuburg-am-inn": {
    "been": true,
    "coords": "48.50000000, 13.45000000",
    "country": "DE",
    "icons": ["🇩🇪"],
    "info": "Passau Bavaria",
    "link": "https://en.wikipedia.org/wiki/Neuburg_am_Inn",
    "name": "Neuburg am Inn"
  },
  "neuburg-am-rhein": {
    "been": true,
    "coords": "48.98805556, 8.24972222",
    "country": "DE",
    "icons": ["🇩🇪"],
    "info": "Germersheim Rhineland-Palatinate",
    "link": "https://en.wikipedia.org/wiki/Neuburg_am_Rhein",
    "name": "Neuburg am Rhein"
  },
  "neuburg-an-der-donau": {
    "been": false,
    "coords": "48.73333333, 11.18333333",
    "country": "DE",
    "icons": ["🇩🇪"],
    "info": "town in Bavaria",
    "link": "https://en.wikipedia.org/wiki/Neuburg_an_der_Donau",
    "name": "Neuburg an der Donau"
  },
  "neuburg-an-der-kammel": {
    "been": false,
    "coords": "48.28333333, 10.36666667",
    "country": "DE",
    "icons": ["🇩🇪"],
    "info": "town in Günzburg Bavaria",
    "link": "https://en.wikipedia.org/wiki/Neuburg_an_der_Kammel",
    "name": "Neuburg an der Kammel"
  },
  "neuburg-schrobenhausen": {
    "been": false,
    "coords": "48.67000000, 11.17000000",
    "country": "DE",
    "icons": ["🇩🇪"],
    "info": "district in Bavaria",
    "link": "https://en.wikipedia.org/wiki/Neuburg-Schrobenhausen",
    "name": "Neuburg-Schrobenhausen"
  },
  "neuchatel": {
    "been": false,
    "coords": "39.56805556, -96.20194444",
    "country": "CH",
    "icons": ["🇨🇭"],
    "info": "is a city in Switzerland.",
    "link": "https://en.wikipedia.org/wiki/Neuch%C3%A2tel",
    "name": "Neuchatel"
  },
  "neuchatel-urtiere": {
    "been": false,
    "coords": "47.38000000, 6.73000000",
    "country": "FR",
    "icons": ["🇫🇷"],
    "info": "commune in Bourgogne-Franche-Comté France",
    "link": "https://en.wikipedia.org/wiki/Neuch%C3%A2tel-Urti%C3%A8re",
    "name": "Neuchâtel-Urtière"
  },
  "neue-burg": {
    "been": false,
    "city": "Hamburg",
    "coords": "53.54777778, 9.99083333",
    "country": "DE",
    "icons": ["🇩🇪"],
    "info": "medieval saxonian castle in the town of Hamburg",
    "link": "https://en.wikipedia.org/wiki/Neue_Burg_(Hamburg)",
    "name": "Neue Burg"
  },
  "neufchatel-en-bray": {
    "been": false,
    "coords": "49.73000000, 1.44000000",
    "country": "FR",
    "icons": ["🇫🇷"],
    "info": "municipality in Normandy France",
    "link": "https://en.wikipedia.org/wiki/Neufch%C3%A2tel-en-Bray",
    "name": "Neufchâtel-en-Bray"
  },
  "neufchatel-hardelot": {
    "been": false,
    "coords": "50.62000000, 1.64000000",
    "country": "FR",
    "icons": ["🇫🇷"],
    "info": "municipality in Nord-Pas-de-Calais France",
    "link": "https://en.wikipedia.org/wiki/Neufch%C3%A2tel-Hardelot",
    "name": "Neufchâtel-Hardelot"
  },
  "neufchatel-quebec": {
    "been": false,
    "coords": "46.81388889, -71.20805556",
    "country": "FR",
    "icons": ["🇫🇷"],
    "info": "place in Quebec",
    "link": "https://en.wikipedia.org/wiki/Neufch%C3%A2tel,_Quebec",
    "name": "Neufchâtel, Quebec"
  },
  "neufchatel-sur-aisne": {
    "been": false,
    "coords": "49.43000000, 4.04000000",
    "country": "FR",
    "icons": ["🇫🇷"],
    "info": "municipality in Picardy France",
    "link": "https://en.wikipedia.org/wiki/Neufch%C3%A2tel-sur-Aisne",
    "name": "Neufchâtel-sur-Aisne"
  },
  "new-cassel": {
    "been": true,
    "coords": "40.76055556, -73.56666667",
    "country": "US",
    "icons": ["🇺🇸"],
    "info": "Wisconsin former village in Fond du Lac County",
    "link": "https://en.wikipedia.org/wiki/New_Cassel,_Wisconsin",
    "name": "New Cassel"
  },
  "new-castle": {
    "been": true,
    "coords": "39.66194444, -75.56638889",
    "country": "US",
    "icons": ["🇺🇸"],
    "info": "Virginia the only town in Craig County",
    "link": "https://en.wikipedia.org/wiki/New_Castle,_Virginia",
    "name": "New Castle"
  },
  "new-castle-hundred": {
    "been": false,
    "country": "US",
    "icons": ["🇺🇸"],
    "info": "unincorporated subdivision of New Castle County Delaware",
    "link": "https://en.wikipedia.org/wiki/New_Castle_Hundred",
    "name": "New Castle Hundred",
    "wikidata": "Q7006428"
  },
  "new-castle-township": {
    "been": false,
    "coords": "40.75166667, -76.25805556",
    "country": "US",
    "icons": ["🇺🇸"],
    "info": "Pennsylvania township in Schuylkill County",
    "link": "https://en.wikipedia.org/wiki/New_Castle_Township,_Schuylkill_County,_Pennsylvania",
    "name": "New Castle Township"
  },
  "newcastle": {
    "been": false,
    "city": "Newcastle",
    "coords": "-32.92833333, 151.78166667",
    "country": "IE",
    "icons": ["🇮🇪"],
    "info": "Clonfad civil parish barony of Fartullagh County Westmeath",
    "link": "https://en.wikipedia.org/w/index.php?title=Newcastle,_Clonfad",
    "name": "Newcastle"
  },
  "newcastle,": {
    "been": false,
    "country": "IE",
    "info": "Clonfad civil parish barony of Fartullagh County Westmeath",
    "link": "https://en.wikipedia.org/w/index.php?title=Newcastle,_Clonfad",
    "name": "Newcastle,"
  },
  "newcastle-district": {
    "been": false,
    "coords": "44.0, -78.25",
    "country": "CA",
    "icons": ["🇨🇦"],
    "info": "historic district in Upper Canada which existed until 1849",
    "link": "https://en.wikipedia.org/wiki/Newcastle_District",
    "name": "Newcastle District"
  },
  "newcastle-emlyn": {
    "been": false,
    "coords": "52.04000000, -4.47000000",
    "country": "GB-WLS",
    "icons": ["ğŸ´ó §ó ¢ó ·ó ¬ó ³ó ¿"],
    "info": "Carmarthenshire",
    "link": "https://en.wikipedia.org/wiki/Newcastle_Emlyn",
    "name": "Newcastle Emlyn"
  },
  "newcastle-on-clun": {
    "been": false,
    "coords": "52.43400000, -3.10700000",
    "country": "GB",
    "icons": ["🇬🇧"],
    "info": "Shropshire",
    "link": "https://en.wikipedia.org/wiki/Newcastle,_Shropshire",
    "name": "Newcastle on Clun"
  },
  "newcastle-parish": {
    "been": false,
    "coords": "47.00000000, -65.57000000",
    "country": "CA",
    "icons": ["🇨🇦"],
    "info": "New Brunswick",
    "link": "https://en.wikipedia.org/wiki/Newcastle_Parish,_New_Brunswick",
    "name": "Newcastle Parish"
  },
  "newcastle-township": {
    "been": false,
    "coords": "42.67000000, -96.85166667",
    "country": "US",
    "icons": ["🇺🇸"],
    "info": "Ohio township in of Coshocton County",
    "link": "https://en.wikipedia.org/wiki/Newcastle_Township,_Coshocton_County,_Ohio",
    "name": "Newcastle Township"
  },
  "newcastle-under-lyme": {
    "been": false,
    "coords": "53.01090000, -2.22780000",
    "country": "GB",
    "icons": ["🇬🇧"],
    "info": "Staffordshire",
    "link": "https://en.wikipedia.org/wiki/Newcastle-under-Lyme",
    "name": "Newcastle under Lyme"
  },
  "newcastle-upon-tyne": {
    "been": true,
    "city": "Newcastle",
    "coords": "54.97800000, -1.61020000",
    "country": "GB",
    "icons": ["🇬🇧"],
    "info": "Tyne and Wear",
    "link": "https://en.wikipedia.org/wiki/Newcastle_upon_Tyne",
    "name": "Newcastle upon Tyne"
  },
  "newcastle-waters": {
    "been": false,
    "coords": "-17.36600000, 133.40150000",
    "country": "AU",
    "icons": ["🇦🇺"],
    "info": "town and locality in the Northern Territory",
    "link": "https://en.wikipedia.org/wiki/Newcastle_Waters",
    "name": "Newcastle Waters"
  },
  "newcastle-west": {
    "been": false,
    "coords": "52.45100000, -9.05500000",
    "country": "IE",
    "icons": ["🇮🇪"],
    "info": "County Limerick",
    "link": "https://en.wikipedia.org/wiki/Newcastle_West",
    "name": "Newcastle West"
  },
  "newcastleton": {
    "been": true,
    "country": "GB-SCT",
    "icons": ["ğŸ´ó §ó ¢ó ³ó £ó ´ó ¿"],
    "info": "Scotland",
    "link": "https://en.wikipedia.org/wiki/Newcastleton",
    "name": "Newcastleton"
  },
  "newport": {
    "been": false,
    "coords": "51.58861111, -2.99777778",
    "country": "GB-WLS",
    "icons": ["ğŸ´ó §ó ¢ó ·ó ¬ó ³ó ¿"],
    "info": "Casnewydd-ar-Wysg",
    "link": "https://en.wikipedia.org/wiki/Newport,_Wales",
    "name": "Newport"
  },
  "nove-zamky": {
    "been": false,
    "coords": "47.98555556, 18.15777778",
    "country": "SK",
    "icons": ["🇸🇰"],
    "info": "Slovakia",
    "link": "https://en.wikipedia.org/wiki/Nov%C3%A9_Z%C3%A1mky",
    "name": "Nové Zámky"
  },
  "nowy-zamek": {
    "been": false,
    "coords": "51.56583333, 17.35833333",
    "country": "PL",
    "icons": ["🇵🇱"],
    "info": "Poland (formerly Neuschloß)",
    "link": "https://en.wikipedia.org/wiki/Nowy_Zamek",
    "name": "Nowy Zamek"
  },
  "nyborg": {
    "been": false,
    "coords": "55.31222222, 10.78972222",
    "country": "DK",
    "icons": ["🇩🇰"],
    "info": "Denmark",
    "link": "https://en.wikipedia.org/wiki/Nyborg",
    "name": "Nyborg"
  },
  "palatinate-neuburg": {
    "been": false,
    "coords": "48.73333333, 11.18333333",
    "country": "AT",
    "icons": ["🇦🇹"],
    "info": "historic state of the Holy Roman Empire",
    "link": "https://en.wikipedia.org/wiki/Palatinate-Neuburg",
    "name": "Palatinate-Neuburg"
  },
  "qala-e-naw": {
    "been": false,
    "coords": "34.98666667, 63.12916667",
    "country": "AF",
    "icons": ["🇦🇫"],
    "info": "village in Afghanistan",
    "link": "https://en.wikipedia.org/wiki/Qala_e_Naw",
    "name": "Qala e Naw"
  },
  "qaleh-i-nau-derak": {
    "been": false,
    "coords": "29.66611111, 52.12666667",
    "country": "IR",
    "icons": ["🇮🇷"],
    "info": "village in Shiraz County",
    "link": "https://en.wikipedia.org/wiki/Qaleh-i-Nau,_Derak",
    "name": "Qaleh-i-Nau, Derak"
  },
  "qaleh-now-arzuiyeh": {
    "been": false,
    "coords": "28.43472222, 56.17333333",
    "country": "IR",
    "icons": ["🇮🇷"],
    "info": "village in Arzuiyeh County",
    "link": "https://en.wikipedia.org/wiki/Qaleh_Now,_Arzuiyeh",
    "name": "Qaleh Now, Arzuiyeh"
  },
  "qaleh-now-bam": {
    "been": false,
    "country": "IR",
    "icons": ["🇮🇷"],
    "info": "village in Bam County",
    "link": "https://en.wikipedia.org/wiki/Qaleh_Now,_Bam",
    "name": "Qaleh Now, Bam",
    "wikidata": "Q5812068"
  },
  "qaleh-now-bid-zard": {
    "been": false,
    "country": "IR",
    "icons": ["🇮🇷"],
    "info": "village in Shiraz County",
    "link": "https://en.wikipedia.org/wiki/Qaleh_Now,_Bid_Zard",
    "name": "Qaleh Now, Bid Zard",
    "wikidata": "Q5838714"
  },
  "qaleh-now-chenaran": {
    "been": false,
    "coords": "36.66638889, 59.12861111",
    "country": "IR",
    "icons": ["🇮🇷"],
    "info": "village in Chenaran County",
    "link": "https://en.wikipedia.org/wiki/Qaleh_Now,_Chenaran",
    "name": "Qaleh Now, Chenaran"
  },
  "qaleh-now-darab": {
    "been": false,
    "coords": "28.29416667, 55.20611111",
    "country": "IR",
    "icons": ["🇮🇷"],
    "info": "village in Darab County",
    "link": "https://en.wikipedia.org/wiki/Qaleh_Now,_Darab",
    "name": "Qaleh Now, Darab"
  },
  "qaleh-now-e-abgheh": {
    "been": false,
    "coords": "34.66361111, 60.45805556",
    "country": "IR",
    "icons": ["🇮🇷"],
    "info": "village in Taybad County",
    "link": "https://en.wikipedia.org/wiki/Qaleh_Now-e_Abgheh",
    "name": "Qaleh Now-e Abgheh"
  },
  "qaleh-now-e-amlak": {
    "been": false,
    "coords": "35.46777778, 51.59944444",
    "country": "IR",
    "icons": ["🇮🇷"],
    "info": "village in Pakdasht County Tehran Province",
    "link": "https://en.wikipedia.org/wiki/Qaleh_Now-e_Amlak",
    "name": "Qaleh Now-e Amlak"
  },
  "qaleh-now-e-hajji-musa": {
    "been": false,
    "city": "Tehran",
    "coords": "35.57638889, 51.38361111",
    "country": "IR",
    "icons": ["🇮🇷"],
    "info": "village in Tehran County Tehran Province",
    "link": "https://en.wikipedia.org/wiki/Qaleh_Now-e_Hajji_Musa",
    "name": "Qaleh Now-e Hajji Musa"
  },
  "qaleh-now-e-jamshid": {
    "been": false,
    "coords": "36.24138889, 58.77527778",
    "country": "IR",
    "icons": ["🇮🇷"],
    "info": "village in Nishapur County",
    "link": "https://en.wikipedia.org/wiki/Qaleh_Now-e_Jamshid",
    "name": "Qaleh Now-e Jamshid"
  },
  "qaleh-now-e-kahu": {
    "been": false,
    "coords": "36.46833333, 59.24138889",
    "country": "IR",
    "icons": ["🇮🇷"],
    "info": "village in Chenaran County",
    "link": "https://en.wikipedia.org/wiki/Qaleh_Now-e_Kahu",
    "name": "Qaleh Now-e Kahu"
  },
  "qaleh-now-e-kalateh-menar": {
    "been": false,
    "coords": "36.03416667, 60.19194444",
    "country": "IR",
    "icons": ["🇮🇷"],
    "info": "village in Mashhad County",
    "link": "https://en.wikipedia.org/wiki/Qaleh_Now-e_Kalateh_Menar",
    "name": "Qaleh Now-e Kalateh Menar"
  },
  "qaleh-now-e-khaleseh-semnan": {
    "been": false,
    "coords": "36.32750000, 54.95138889",
    "country": "IR",
    "icons": ["🇮🇷"],
    "info": "village in Shahrud County Semnan Province",
    "link": "https://en.wikipedia.org/wiki/Qaleh_Now-e_Khaleseh,_Semnan",
    "name": "Qaleh Now-e Khaleseh, Semnan"
  },
  "qaleh-now-e-khaleseh-tehran": {
    "been": false,
    "coords": "35.51222222, 51.51611111",
    "country": "IR",
    "icons": ["🇮🇷"],
    "info": "village in Tehran County Tehran Province",
    "link": "https://en.wikipedia.org/wiki/Qaleh_Now-e_Khaleseh,_Tehran",
    "name": "Qaleh Now-e Khaleseh, Tehran"
  },
  "qaleh-now-e-khalil": {
    "been": false,
    "coords": "32.22666667, 48.52944444",
    "country": "IR",
    "icons": ["🇮🇷"],
    "info": "village in Dezful County",
    "link": "https://en.wikipedia.org/wiki/Qaleh_Now-e_Khalil",
    "name": "Qaleh Now-e Khalil"
  },
  "qaleh-now-e-kharaqan": {
    "been": false,
    "coords": "36.63250000, 55.07222222",
    "country": "IR",
    "icons": ["🇮🇷"],
    "info": "village in Shahrud County Semnan Province",
    "link": "https://en.wikipedia.org/wiki/Qaleh_Now-e_Kharaqan",
    "name": "Qaleh Now-e Kharaqan"
  },
  "qaleh-now-e-mastufi": {
    "been": false,
    "coords": "35.17916667, 59.19555556",
    "country": "IR",
    "icons": ["🇮🇷"],
    "info": "village in Torbat-e Heydarieh County",
    "link": "https://en.wikipedia.org/wiki/Qaleh_Now-e_Mastufi",
    "name": "Qaleh Now-e Mastufi"
  },
  "qaleh-now-e-naimabad": {
    "been": false,
    "coords": "36.13805556, 58.92194444",
    "country": "IR",
    "icons": ["🇮🇷"],
    "info": "village in Nishapur County",
    "link": "https://en.wikipedia.org/wiki/Qaleh_Now-e_Naimabad",
    "name": "Qaleh Now-e Naimabad"
  },
  "qaleh-now-e-shamlu": {
    "been": false,
    "coords": "35.00055556, 60.32527778",
    "country": "IR",
    "icons": ["🇮🇷"],
    "info": "village in Bakharz County",
    "link": "https://en.wikipedia.org/wiki/Qaleh_Now-e_Shamlu",
    "name": "Qaleh Now-e Shamlu"
  },
  "qaleh-now-e-valiabad": {
    "been": false,
    "coords": "36.49416667, 59.68027778",
    "country": "IR",
    "icons": ["🇮🇷"],
    "info": "village in Mashhad County",
    "link": "https://en.wikipedia.org/wiki/Qaleh_Now-e_Valiabad",
    "name": "Qaleh Now-e Valiabad"
  },
  "qaleh-now-hashivar": {
    "been": false,
    "coords": "28.66611111, 54.47361111",
    "country": "IR",
    "icons": ["🇮🇷"],
    "info": "village in Darab County",
    "link": "https://en.wikipedia.org/wiki/Qaleh_Now,_Hashivar",
    "name": "Qaleh Now, Hashivar"
  },
  "qaleh-now-hormozgan": {
    "been": false,
    "coords": "27.93305556, 56.68638889",
    "country": "IR",
    "icons": ["🇮🇷"],
    "info": "village in Hajjiabad County",
    "link": "https://en.wikipedia.org/wiki/Qaleh_Now,_Hormozgan",
    "name": "Qaleh Now, Hormozgan"
  },
  "qaleh-now-isfahan": {
    "been": false,
    "coords": "32.35972222, 51.06777778",
    "country": "IR",
    "icons": ["🇮🇷"],
    "info": "village in Lenjan County",
    "link": "https://en.wikipedia.org/wiki/Qaleh_Now,_Isfahan",
    "name": "Qaleh Now, Isfahan"
  },
  "qaleh-now-jebalbarez": {
    "been": false,
    "country": "IR",
    "icons": ["🇮🇷"],
    "info": "village in Jiroft County",
    "link": "https://en.wikipedia.org/wiki/Qaleh_Now,_Jebalbarez",
    "name": "Qaleh Now, Jebalbarez",
    "wikidata": "Q5783686"
  },
  "qaleh-now-kaftarak": {
    "been": false,
    "coords": "29.55916667, 52.64055556",
    "country": "IR",
    "icons": ["🇮🇷"],
    "info": "village in Shiraz County",
    "link": "https://en.wikipedia.org/wiki/Qaleh_Now,_Kaftarak",
    "name": "Qaleh Now, Kaftarak"
  },
  "qaleh-now-kalat": {
    "been": false,
    "coords": "36.79722222, 59.95055556",
    "country": "IR",
    "icons": ["🇮🇷"],
    "info": "village in Kalat County",
    "link": "https://en.wikipedia.org/wiki/Qaleh_Now,_Kalat",
    "name": "Qaleh Now, Kalat"
  },
  "qaleh-now-kamfiruz": {
    "been": false,
    "coords": "30.27666667, 52.32472222",
    "country": "IR",
    "icons": ["🇮🇷"],
    "info": "village in Marvdasht County",
    "link": "https://en.wikipedia.org/wiki/Qaleh_Now,_Kamfiruz",
    "name": "Qaleh Now, Kamfiruz"
  },
  "qaleh-now-kavar": {
    "been": false,
    "coords": "29.19194444, 52.72833333",
    "country": "IR",
    "icons": ["🇮🇷"],
    "info": "village in Kavar County",
    "link": "https://en.wikipedia.org/wiki/Qaleh_Now,_Kavar",
    "name": "Qaleh Now, Kavar"
  },
  "qaleh-now-kharameh": {
    "been": false,
    "coords": "29.64416667, 53.14194444",
    "country": "IR",
    "icons": ["🇮🇷"],
    "info": "village in Kharameh County",
    "link": "https://en.wikipedia.org/wiki/Qaleh_Now,_Kharameh",
    "name": "Qaleh Now, Kharameh"
  },
  "qaleh-now-khomeyn": {
    "been": false,
    "coords": "33.73555556, 50.14555556",
    "country": "IR",
    "icons": ["🇮🇷"],
    "info": "village in Khomeyn County Markazi Province",
    "link": "https://en.wikipedia.org/wiki/Qaleh_Now,_Khomeyn",
    "name": "Qaleh Now, Khomeyn"
  },
  "qaleh-now-lorestan": {
    "been": false,
    "coords": "33.63055556, 48.41194444",
    "country": "IR",
    "icons": ["🇮🇷"],
    "info": "village in Khorramabad County Lorestan Province",
    "link": "https://en.wikipedia.org/wiki/Qaleh_Now,_Lorestan",
    "name": "Qaleh Now, Lorestan"
  },
  "qaleh-now-mahvelat": {
    "been": false,
    "coords": "35.23250000, 58.83444444",
    "country": "IR",
    "icons": ["🇮🇷"],
    "info": "village in Mahvelat County",
    "link": "https://en.wikipedia.org/wiki/Qaleh_Now,_Mahvelat",
    "name": "Qaleh Now, Mahvelat"
  },
  "qaleh-now-malayer": {
    "been": false,
    "coords": "34.11666667, 49.06666667",
    "country": "IR",
    "icons": ["🇮🇷"],
    "info": "village in Malayer County",
    "link": "https://en.wikipedia.org/wiki/Qaleh_Now,_Malayer",
    "name": "Qaleh Now, Malayer"
  },
  "qaleh-now-mamasani": {
    "been": false,
    "coords": "30.18777778, 51.51583333",
    "country": "IR",
    "icons": ["🇮🇷"],
    "info": "village in Mamasani County",
    "link": "https://en.wikipedia.org/wiki/Qaleh_Now,_Mamasani",
    "name": "Qaleh Now, Mamasani"
  },
  "qaleh-now-maneh-and-samalqan": {
    "been": false,
    "coords": "37.51194444, 56.77472222",
    "country": "IR",
    "icons": ["🇮🇷"],
    "info": "village in Maneh and Samalqan County North Khorasan Province",
    "link": "https://en.wikipedia.org/wiki/Qaleh_Khan,_North_Khorasan",
    "name": "Qaleh Now, Maneh and Samalqan"
  },
  "qaleh-now-nishapur": {
    "been": false,
    "coords": "36.13861111, 58.82277778",
    "country": "IR",
    "icons": ["🇮🇷"],
    "info": "village in Nishapur County",
    "link": "https://en.wikipedia.org/wiki/Qaleh_Now,_Nishapur",
    "name": "Qaleh Now, Nishapur"
  },
  "qaleh-now-omidiyeh": {
    "been": false,
    "coords": "30.84166667, 49.88027778",
    "country": "IR",
    "icons": ["🇮🇷"],
    "info": "village in Omidiyeh County",
    "link": "https://en.wikipedia.org/wiki/Qaleh_Now,_Omidiyeh",
    "name": "Qaleh Now, Omidiyeh"
  },
  "qaleh-now-pishva": {
    "been": false,
    "coords": "35.35472222, 51.76916667",
    "country": "IR",
    "icons": ["🇮🇷"],
    "info": "village in Pishva County Tehran Province",
    "link": "https://en.wikipedia.org/wiki/Qaleh_Now,_Pishva",
    "name": "Qaleh Now, Pishva"
  },
  "qaleh-now-sarakhs": {
    "been": false,
    "coords": "36.47194444, 61.14833333",
    "country": "IR",
    "icons": ["🇮🇷"],
    "info": "village in Sarakhs County",
    "link": "https://en.wikipedia.org/wiki/Qaleh_Now,_Sarakhs",
    "name": "Qaleh Now, Sarakhs"
  },
  "qaleh-now-sepidan": {
    "been": false,
    "coords": "29.99416667, 52.41277778",
    "country": "IR",
    "icons": ["🇮🇷"],
    "info": "village in Sepidan County",
    "link": "https://en.wikipedia.org/wiki/Qaleh_Now,_Sepidan",
    "name": "Qaleh Now, Sepidan"
  },
  "qaleh-now-shahriar": {
    "been": false,
    "coords": "35.60083333, 50.97000000",
    "country": "IR",
    "icons": ["🇮🇷"],
    "info": "village in Shahriar County Tehran Province",
    "link": "https://en.wikipedia.org/wiki/Qaleh_Now,_Shahriar",
    "name": "Qaleh Now, Shahriar"
  },
  "qaleh-now-shamsabad": {
    "been": false,
    "coords": "32.31666667, 48.43333333",
    "country": "IR",
    "icons": ["🇮🇷"],
    "info": "village in Dezful County",
    "link": "https://en.wikipedia.org/wiki/Qaleh_Now_Shamsabad",
    "name": "Qaleh Now Shamsabad"
  },
  "qaleh-now-shazand": {
    "been": false,
    "coords": "33.63111111, 49.28944444",
    "country": "IR",
    "icons": ["🇮🇷"],
    "info": "village in Shazand County Markazi Province",
    "link": "https://en.wikipedia.org/wiki/Qaleh_Now,_Shazand",
    "name": "Qaleh Now, Shazand"
  },
  "qaleh-now-south-khorasan": {
    "been": false,
    "coords": "32.91694444, 60.27222222",
    "country": "IR",
    "icons": ["🇮🇷"],
    "info": "village in Darmian County South Khorasan Province",
    "link": "https://en.wikipedia.org/wiki/Qaleh_Now,_South_Khorasan",
    "name": "Qaleh Now, South Khorasan"
  },
  "qaleh-now-torbat-e-heydarieh": {
    "been": false,
    "coords": "35.53833333, 59.49055556",
    "country": "IR",
    "icons": ["🇮🇷"],
    "info": "village in Torbat-e Heydarieh County",
    "link": "https://en.wikipedia.org/wiki/Qaleh_Now,_Torbat-e_Heydarieh",
    "name": "Qaleh Now, Torbat-e Heydarieh"
  },
  "qaleh-now-tuyserkan": {
    "been": false,
    "coords": "34.48666667, 48.16722222",
    "country": "IR",
    "icons": ["🇮🇷"],
    "info": "village in Tuyserkan County",
    "link": "https://en.wikipedia.org/wiki/Qaleh_Now,_Tuyserkan",
    "name": "Qaleh Now, Tuyserkan"
  },
  "qaleh-now-varamin": {
    "been": false,
    "coords": "35.29583333, 51.70972222",
    "country": "IR",
    "icons": ["🇮🇷"],
    "info": "village in Varamin County Tehran Province",
    "link": "https://en.wikipedia.org/wiki/Qaleh_Now,_Varamin",
    "name": "Qaleh Now, Varamin"
  },
  "qaleh-now-ye-alireza-bek": {
    "been": false,
    "coords": "36.13250000, 58.92388889",
    "country": "IR",
    "icons": ["🇮🇷"],
    "info": "village in Nishapur County",
    "link": "https://en.wikipedia.org/wiki/Qaleh_Now-ye_Alireza_Bek",
    "name": "Qaleh Now-ye Alireza Bek"
  },
  "qaleh-now-ye-anqolabi": {
    "been": false,
    "coords": "37.02305556, 57.30305556",
    "country": "IR",
    "icons": ["🇮🇷"],
    "info": "village in Esfarayen County North Khorasan Province",
    "link": "https://en.wikipedia.org/wiki/Qaleh_Now-ye_Anqolabi",
    "name": "Qaleh Now-ye Anqolabi"
  },
  "qaleh-now-ye-fariman": {
    "been": false,
    "coords": "35.66361111, 59.94666667",
    "country": "IR",
    "icons": ["🇮🇷"],
    "info": "village in Fariman County",
    "link": "https://en.wikipedia.org/wiki/Qaleh_Now-ye_Fariman",
    "name": "Qaleh Now-ye Fariman"
  },
  "qaleh-now-ye-hakim": {
    "been": false,
    "coords": "33.84250000, 48.75027778",
    "country": "IR",
    "icons": ["🇮🇷"],
    "info": "village in Borujerd County Lorestan Province",
    "link": "https://en.wikipedia.org/wiki/Qaleh_Now-ye_Hakim",
    "name": "Qaleh Now-ye Hakim"
  },
  "qaleh-now-ye-mehdiabad": {
    "been": false,
    "coords": "36.11277778, 58.93472222",
    "country": "IR",
    "icons": ["🇮🇷"],
    "info": "village in Nishapur County",
    "link": "https://en.wikipedia.org/wiki/Qaleh_Now-ye_Mehdiabad",
    "name": "Qaleh Now-ye Mehdiabad"
  },
  "qaleh-now-ye-safiabad": {
    "been": false,
    "coords": "35.27500000, 59.74500000",
    "country": "IR",
    "icons": ["🇮🇷"],
    "info": "village in Zaveh County",
    "link": "https://en.wikipedia.org/wiki/Qaleh_Now-ye_Safiabad",
    "name": "Qaleh Now-ye Safiabad"
  },
  "qaleh-now-ye-showkati": {
    "been": false,
    "coords": "33.76166667, 48.84972222",
    "country": "IR",
    "icons": ["🇮🇷"],
    "info": "village in Borujerd County Lorestan Province",
    "link": "https://en.wikipedia.org/wiki/Qaleh_Now-ye_Showkati",
    "name": "Qaleh Now-ye Showkati"
  },
  "qaleh-ye-now-arak": {
    "been": false,
    "coords": "34.09750000, 49.91750000",
    "country": "IR",
    "icons": ["🇮🇷"],
    "info": "village in Arak County Markazi Province",
    "link": "https://en.wikipedia.org/wiki/Qaleh-ye_Now,_Arak",
    "name": "Qaleh-ye Now, Arak"
  },
  "qaleh-ye-now-chaman-zamin": {
    "been": false,
    "city": "Tehran",
    "coords": "35.53305556, 51.40500000",
    "country": "IR",
    "icons": ["🇮🇷"],
    "info": "village in Rey County Tehran Province",
    "link": "https://en.wikipedia.org/wiki/Qaleh-ye_Now_Chaman_Zamin",
    "name": "Qaleh-ye Now Chaman Zamin"
  },
  "qaleh-ye-now-e-fashapuyeh": {
    "been": false,
    "country": "IR",
    "icons": ["🇮🇷"],
    "info": "village in Rey County Tehran Province",
    "link": "https://en.wikipedia.org/wiki/Qaleh-ye_Now-e_Fashapuyeh",
    "name": "Qaleh-ye Now-e Fashapuyeh",
    "wikidata": "Q5794041"
  },
  "qaleh-ye-now-e-mozaffari": {
    "been": false,
    "coords": "29.19805556, 52.78500000",
    "country": "IR",
    "icons": ["🇮🇷"],
    "info": "village in Kavar County",
    "link": "https://en.wikipedia.org/wiki/Qaleh-ye_Now-e_Mozaffari",
    "name": "Qaleh-ye Now-e Mozaffari"
  },
  "qaleh-ye-now-jiroft": {
    "been": false,
    "coords": "28.62527778, 57.75722222",
    "country": "IR",
    "icons": ["🇮🇷"],
    "info": "village in Jiroft County",
    "link": "https://en.wikipedia.org/wiki/Qaleh-ye_Now,_Jiroft",
    "name": "Qaleh-ye Now, Jiroft"
  },
  "qaleh-ye-now-joghatai": {
    "been": false,
    "coords": "36.72250000, 56.63583333",
    "country": "IR",
    "icons": ["🇮🇷"],
    "info": "village in Joghatai County",
    "link": "https://en.wikipedia.org/wiki/Qaleh-ye_Now,_Joghatai",
    "name": "Qaleh-ye Now, Joghatai"
  },
  "qaleh-ye-now-jowayin": {
    "been": false,
    "coords": "36.54027778, 57.45111111",
    "country": "IR",
    "icons": ["🇮🇷"],
    "info": "village in Jowayin County",
    "link": "https://en.wikipedia.org/wiki/Qaleh-ye_Now,_Jowayin",
    "name": "Qaleh-ye Now, Jowayin"
  },
  "qaleh-ye-now-khvaf": {
    "been": false,
    "coords": "34.76527778, 60.01750000",
    "country": "IR",
    "icons": ["🇮🇷"],
    "info": "village in Khvaf County",
    "link": "https://en.wikipedia.org/wiki/Qaleh-ye_Now,_Khvaf",
    "name": "Qaleh-ye Now, Khvaf"
  },
  "qaleh-ye-now-marvdasht": {
    "been": false,
    "coords": "30.19277778, 52.64388889",
    "country": "IR",
    "icons": ["🇮🇷"],
    "info": "village in Marvdasht County",
    "link": "https://en.wikipedia.org/wiki/Qaleh-ye_Now,_Marvdasht",
    "name": "Qaleh-ye Now, Marvdasht"
  },
  "saint-michel-de-castelnau": {
    "been": false,
    "coords": "44.28220000, -0.10970000",
    "country": "FR",
    "icons": ["🇫🇷"],
    "info": "Gironde",
    "link": "https://en.wikipedia.org/wiki/Saint-Michel-de-Castelnau",
    "name": "Saint-Michel-de-Castelnau"
  },
  "shinshiro": {
    "been": false,
    "coords": "34.89893889, 137.49771944",
    "country": "JP",
    "icons": ["🇯🇵"],
    "link": "https://en.wikipedia.org/wiki/Shinshiro",
    "name": "Shinshiro"
  },
  "south-new-castle": {
    "been": false,
    "coords": "40.97555556, -80.34472222",
    "country": "US",
    "icons": ["🇺🇸"],
    "info": "Pennsylvania borough in Lawrence County",
    "link": "https://en.wikipedia.org/wiki/South_New_Castle,_Pennsylvania",
    "name": "South New Castle"
  },
  "tazeh-qaleh-bojnord": {
    "been": false,
    "coords": "38.06333333, 57.29361111",
    "country": "IR",
    "icons": ["🇮🇷"],
    "info": "North Khorasan Province",
    "link": "https://en.wikipedia.org/wiki/Tazeh_Qaleh,_Bojnord",
    "name": "Tazeh Qaleh, Bojnord"
  },
  "tazeh-qaleh-bukan": {
    "been": false,
    "coords": "36.60666667, 46.06750000",
    "country": "IR",
    "icons": ["🇮🇷"],
    "info": "West Azerbaijan Province",
    "link": "https://en.wikipedia.org/wiki/Tazeh_Qaleh,_Bukan",
    "name": "Tazeh Qaleh, Bukan"
  },
  "tazeh-qaleh-east-azerbaijan": {
    "been": false,
    "coords": "37.13527778, 46.06777778",
    "country": "IR",
    "icons": ["🇮🇷"],
    "link": "https://en.wikipedia.org/wiki/Tazeh_Qaleh,_East_Azerbaijan",
    "name": "Tazeh Qaleh, East Azerbaijan"
  },
  "tazeh-qaleh-maneh-and-samalqan": {
    "been": false,
    "coords": "37.73861111, 57.16777778",
    "country": "IR",
    "icons": ["🇮🇷"],
    "info": "North Khorasan Province",
    "link": "https://en.wikipedia.org/wiki/Tazeh_Qaleh,_Maneh_and_Samalqan",
    "name": "Tazeh Qaleh, Maneh and Samalqan"
  },
  "tazeh-qaleh-naqadeh": {
    "been": false,
    "coords": "36.96500000, 45.45916667",
    "country": "IR",
    "icons": ["🇮🇷"],
    "info": "West Azerbaijan Province",
    "link": "https://en.wikipedia.org/wiki/Tazeh_Qaleh,_Naqadeh",
    "name": "Tazeh Qaleh, Naqadeh"
  },
  "tazeh-qaleh-piranshahr": {
    "been": false,
    "coords": "36.50944444, 45.26694444",
    "country": "IR",
    "icons": ["🇮🇷"],
    "info": "West Azerbaijan Province",
    "link": "https://en.wikipedia.org/wiki/Tazeh_Qaleh,_Piranshahr",
    "name": "Tazeh Qaleh, Piranshahr"
  },
  "tazeh-qaleh-shirvan": {
    "been": false,
    "coords": "37.23333333, 57.71666667",
    "country": "IR",
    "icons": ["🇮🇷"],
    "info": "North Khorasan Province",
    "link": "https://en.wikipedia.org/wiki/Tazeh_Qaleh,_Shirvan",
    "name": "Tazeh Qaleh, Shirvan"
  },
  "toodyay": {
    "been": false,
    "coords": "-31.55000000, 116.45000000",
    "country": "AU",
    "icons": ["🇦🇺"],
    "info": "Western Australia known as Newcastle until 1910",
    "link": "https://en.wikipedia.org/wiki/Toodyay,_Western_Australia",
    "name": "Toodyay"
  },
  "webster-city": {
    "been": false,
    "coords": "42.46638889, -93.82055556",
    "country": "US",
    "icons": ["🇺🇸"],
    "info": "Iowa formerly Newcastle county seat of Hamilton County",
    "link": "https://en.wikipedia.org/wiki/Webster_City,_Iowa",
    "name": "Webster City"
  }
}