{
  "auckland": {
    "been": false,
    "coords": "36°50′26″S, 174°44′24″E",
    "country": "NZ",
    "link": "https://en.wikipedia.org/wiki/Auckland",
    "name": "Auckland"
  },
  "barangaroo": {
    "been": false,
    "coords": "33.8611°S, 151.203°E",
    "country": "AU",
    "link": "https://en.wikipedia.org/wiki/Barangaroo,_New_South_Wales",
    "name": "Barangaroo"
  },
  "barceloneta": {
    "been": true,
    "coords": "39.5°N, 3.7°W",
    "country": "ES",
    "link": "https://en.wikipedia.org/wiki/Barcelona",
    "name": "Barceloneta"
  },
  "battery-park-city": {
    "been": true,
    "coords": "40.713°N, 74.016°W",
    "country": "US",
    "link": "https://en.wikipedia.org/wiki/Battery_Park_City",
    "name": "Battery Park City"
  },
  "beirut": {
    "been": false,
    "coords": "33.9003°N, 35.5017°E",
    "country": "LB",
    "link": "https://en.wikipedia.org/wiki/Beirut_Central_District",
    "name": "Beirut"
  },
  "bergen": {
    "been": true,
    "coords": "60°23′22″N, 5°19′48″E",
    "country": "NO",
    "link": "https://en.wikipedia.org/wiki/Bergen",
    "name": "Bergen"
  },
  "biscayne-bay": {
    "been": false,
    "coords": "25°33′57″N, 80°12′59″W",
    "country": "US",
    "link": "https://en.wikipedia.org/wiki/Biscayne_Bay",
    "name": "Biscayne Bay"
  },
  "borgo-santa-lucia": {
    "been": true,
    "coords": "40°49′56″N, 14°15′00″E",
    "country": "IT",
    "link": "https://en.wikipedia.org/wiki/Borgo_Santa_Lucia",
    "name": "Borgo Santa Lucia"
  },
  "boston": {
    "been": true,
    "coords": "42°19′7″N, 70°59′28″W",
    "country": "US",
    "link": "https://en.wikipedia.org/wiki/Boston",
    "name": "Boston"
  },
  "brest": {
    "been": false,
    "coords": "52°08′05″N, 23°39′25″E",
    "country": "BY",
    "link": "https://en.wikipedia.org/wiki/Brest,_Belarus",
    "name": "Brest"
  },
  "brooklyn-bridge-park": {
    "been": true,
    "coords": "40°41′52″N, 73°59′54″W",
    "country": "US",
    "link": "https://en.wikipedia.org/wiki/Brooklyn_Bridge_Park",
    "name": "Brooklyn Bridge Park"
  },
  "buenos-aires": {
    "been": false,
    "coords": "34°36′12″S, 58°22′54″W",
    "country": "AR",
    "link": "https://en.wikipedia.org/wiki/Buenos_Aires",
    "name": "Buenos Aires"
  },
  "cape-town": {
    "been": false,
    "coords": "33.92°S, 18.43°E",
    "country": "ZA",
    "link": "https://en.wikipedia.org/wiki/Foreshore,_Cape_Town",
    "name": "Cape Town"
  },
  "cebu-city": {
    "been": false,
    "coords": "10°16′32.4″N, 123°52′39.2″E",
    "country": "PH",
    "link": "https://en.wikipedia.org/wiki/South_Road_Properties",
    "name": "Cebu City"
  },
  "chicago": {
    "been": true,
    "coords": "41°52′55″N, 87°37′40″W",
    "country": "US",
    "link": "https://en.wikipedia.org/wiki/Chicago",
    "name": "Chicago"
  },
  "co-op-city": {
    "been": true,
    "coords": "40.874°N, 73.829°W",
    "country": "US",
    "link": "https://en.wikipedia.org/wiki/Co-op_City,_Bronx",
    "name": "Co-op City"
  },
  "colombo-financial-city": {
    "been": false,
    "coords": "06°56′00″N, 79°50′00″E",
    "country": "LK",
    "link": "https://en.wikipedia.org/wiki/Colombo_International_Financial_City",
    "name": "Colombo Financial City"
  },
  "deira-islands": {
    "been": false,
    "country": "AE",
    "link": "https://en.wikipedia.org/wiki/Dubai_Islands",
    "name": "Deira Islands"
  },
  "dublin": {
    "been": true,
    "coords": "53°21′00″N, 06°15′37″W",
    "country": "IE",
    "link": "https://en.wikipedia.org/wiki/Dublin",
    "name": "Dublin"
  },
  "eko-atlantic": {
    "been": true,
    "coords": "06°24′00″N, 03°24′18″E",
    "country": "NG",
    "link": "https://en.wikipedia.org/wiki/Eko_Atlantic",
    "name": "Eko Atlantic"
  },
  "flevopolder": {
    "been": true,
    "coords": "52°30′N, 5°28′E",
    "country": "NL",
    "link": "https://en.wikipedia.org/wiki/Flevopolder",
    "name": "Flevopolder"
  },
  "florianopolis": {
    "been": false,
    "coords": "27°36′44″S, 48°29′7″W",
    "country": "BR",
    "link": "https://en.wikipedia.org/wiki/Florian%C3%B3polis",
    "name": "Florianópolis"
  },
  "forest-city-johor": {
    "been": false,
    "coords": "01.34°N, 103.59°E",
    "country": "MY",
    "link": "https://en.wikipedia.org/wiki/Forest_City_(Johor)",
    "name": "Forest City, Johor"
  },
  "fucine-lake": {
    "been": false,
    "coords": "41°59′42″N, 13°32′50″E",
    "country": "IT",
    "link": "https://en.wikipedia.org/wiki/Fucine_Lake",
    "name": "Fucine Lake"
  },
  "genoa": {
    "been": true,
    "coords": "44°24′40″N, 8°55′58″E",
    "country": "IT",
    "link": "https://en.wikipedia.org/wiki/Genoa",
    "name": "Genoa"
  },
  "gracefield-island": {
    "been": true,
    "coords": "6.477180647020161°N, 3.5227003141257334°E",
    "country": "NG",
    "link": "https://en.wikipedia.org/wiki/Gracefield_Island",
    "name": "Gracefield Island"
  },
  "great-wall-of-sand": {
    "been": true,
    "country": "CN",
    "link": "https://en.wikipedia.org/wiki/Great_Wall_of_Sand",
    "name": "Great Wall of Sand",
    "wikidata": "Q19962569"
  },
  "hamad-airport": {
    "been": false,
    "coords": "25°16′23″N, 51°36′29″E",
    "country": "QA",
    "link": "https://en.wikipedia.org/wiki/Hamad_International_Airport",
    "name": "Hamad Airport"
  },
  "harbor-island": {
    "been": true,
    "coords": "47°34′45″N, 122°21′5″W",
    "country": "US",
    "link": "https://en.wikipedia.org/wiki/Harbor_Island,_Seattle",
    "name": "Harbor Island"
  },
  "hassan-ii-mosque": {
    "been": false,
    "coords": "33.6085°N, 7.6327°W",
    "country": "MA",
    "link": "https://en.wikipedia.org/wiki/Hassan_II_Mosque",
    "name": "Hassan II Mosque"
  },
  "helsinki": {
    "been": true,
    "coords": "60°10′15″N, 24°56′15″E",
    "country": "FI",
    "link": "https://en.wikipedia.org/wiki/Helsinki",
    "name": "Helsinki"
  },
  "hong-kong": {
    "been": true,
    "coords": "22.3°N, 114.2°E",
    "country": "HK",
    "link": "https://en.wikipedia.org/wiki/Hong_Kong",
    "name": "Hong Kong"
  },
  "hulhumale": {
    "been": false,
    "coords": "4°13′N, 73°32′E",
    "country": "MV",
    "link": "https://en.wikipedia.org/wiki/Hulhumal%C3%A9",
    "name": "Hulhumalé"
  },
  "incheon-airport": {
    "been": true,
    "coords": "37°27′48″N, 126°26′24″E",
    "country": "KR",
    "link": "https://en.wikipedia.org/wiki/Incheon_International_Airport",
    "name": "Incheon Airport"
  },
  "istanbul": {
    "been": true,
    "coords": "41°00′49″N, 28°57′18″E",
    "country": "TR",
    "link": "https://en.wikipedia.org/wiki/Istanbul",
    "name": "Istanbul"
  },
  "jakarta-bay": {
    "been": false,
    "coords": "6°00′00″S, 106°51′32.40″E",
    "country": "ID",
    "link": "https://en.wikipedia.org/wiki/Jakarta_Bay",
    "name": "Jakarta Bay"
  },
  "kansai-airport": {
    "been": false,
    "country": "JP",
    "link": "https://en.wikipedia.org/wiki/Kansai_International_Airport",
    "name": "Kansai Airport"
  },
  "karachi": {
    "been": false,
    "coords": "24°51′36″N, 67°0′36″E",
    "country": "PK",
    "link": "https://en.wikipedia.org/wiki/Karachi",
    "name": "Karachi"
  },
  "kavala": {
    "been": false,
    "coords": "40°56′N, 24°24′E",
    "country": "GR",
    "link": "https://en.wikipedia.org/wiki/Kavala",
    "name": "Kavala"
  },
  "lammefjord": {
    "been": false,
    "coords": "55.77°N, 11.5°E",
    "country": "DK",
    "link": "https://en.wikipedia.org/wiki/Lammefjord",
    "name": "Lammefjord"
  },
  "leslie-street-spit": {
    "been": true,
    "coords": "43°37′4″N, 79°20′33″W",
    "country": "CA",
    "link": "https://en.wikipedia.org/wiki/Leslie_Street_Spit",
    "name": "Leslie Street Spit"
  },
  "liberty-state-park": {
    "been": true,
    "coords": "40°42′15″N, 74°02′57″W",
    "country": "US",
    "link": "https://en.wikipedia.org/wiki/Liberty_State_Park",
    "name": "Liberty State Park"
  },
  "macau": {
    "been": true,
    "coords": "22.19°N, 113.54°E",
    "country": "MO",
    "link": "https://en.wikipedia.org/wiki/Macau",
    "name": "Macau"
  },
  "manila-bay": {
    "been": false,
    "coords": "14°31′00″N, 120°46′00″E",
    "country": "PH",
    "link": "https://en.wikipedia.org/wiki/Manila_Bay",
    "name": "Manila Bay"
  },
  "melbourne": {
    "been": false,
    "coords": "37.817°S, 144.946°E",
    "country": "AU",
    "link": "https://en.wikipedia.org/wiki/Docklands,_Victoria",
    "name": "Melbourne"
  },
  "mexico-city": {
    "been": false,
    "coords": "19°26′N, 99°8′W",
    "country": "MX",
    "link": "https://en.wikipedia.org/wiki/Mexico_City",
    "name": "Mexico City"
  },
  "monaco": {
    "been": true,
    "coords": "43°43′52″N, 07°25′12″E",
    "country": "MC",
    "link": "https://en.wikipedia.org/wiki/Monaco",
    "name": "Monaco"
  },
  "montevideo": {
    "been": false,
    "coords": "34°53′1″S, 56°10′55″W",
    "country": "UY",
    "link": "https://en.wikipedia.org/wiki/Montevideo",
    "name": "Montevideo"
  },
  "mulatupu": {
    "been": true,
    "country": "PA",
    "link": "https://es.wikipedia.org/wiki/Mulatupu",
    "name": "Mulatupu"
  },
  "mumbai": {
    "been": false,
    "coords": "19°04′34″N, 72°52′39″E",
    "country": "IN",
    "link": "https://en.wikipedia.org/wiki/Mumbai",
    "name": "Mumbai"
  },
  "mystic-island": {
    "been": true,
    "coords": "39.5585°N, 74.3706°W",
    "country": "US",
    "link": "https://en.wikipedia.org/wiki/Mystic_Island,_New_Jersey",
    "name": "Mystic Island"
  },
  "nagoya-airport": {
    "been": false,
    "coords": "34°51′30″N, 136°48′19″E",
    "country": "JP",
    "link": "https://en.wikipedia.org/wiki/Ch%C5%ABbu_Centrair_International_Airport",
    "name": "Nagoya Airport"
  },
  "nassau": {
    "been": false,
    "coords": "25°02′39″N, 77°21′01″W",
    "country": "BS",
    "link": "https://en.wikipedia.org/wiki/Nassau,_The_Bahamas",
    "name": "Nassau"
  },
  "netherlands": {
    "been": true,
    "coords": "52°N, 6°E",
    "country": "NL",
    "link": "https://en.wikipedia.org/wiki/Land_reclamation_in_the_Netherlands",
    "name": "Netherlands"
  },
  "new-orleans": {
    "been": false,
    "coords": "29.976111111111113, -90.07833333333333",
    "country": "US",
    "link": "https://en.wikipedia.org/wiki/New_Orleans",
    "name": "New Orleans"
  },
  "nice-airport": {
    "been": true,
    "coords": "43°39′55″N, 007°12′54″E",
    "country": "FR",
    "link": "https://en.wikipedia.org/wiki/Nice_C%C3%B4te_d%27Azur_Airport",
    "name": "Nice Airport"
  },
  "north-slob": {
    "been": false,
    "coords": "52.38°N, 6.38°W",
    "country": "IE",
    "link": "https://en.wikipedia.org/wiki/North_Slob",
    "name": "North Slob"
  },
  "northwestern-university": {
    "been": false,
    "coords": "42°03′21″N, 87°40′29″W",
    "country": "US",
    "link": "https://en.wikipedia.org/wiki/Northwestern_University_Lakefill",
    "name": "Northwestern University"
  },
  "notre-dame-island": {
    "been": true,
    "coords": "45°30′15″N, 73°31′35″W",
    "country": "CA",
    "link": "https://en.wikipedia.org/wiki/Notre_Dame_Island",
    "name": "Notre Dame Island"
  },
  "nuns-island": {
    "been": false,
    "coords": "45°27′40″N, 73°32′36″W",
    "country": "CA",
    "link": "https://en.wikipedia.org/wiki/Nuns%27_Island",
    "name": "Nuns’ Island"
  },
  "palm-jebel-ali": {
    "been": false,
    "coords": "25.01°N, 54.985°E",
    "country": "AE",
    "link": "https://en.wikipedia.org/wiki/Palm_Jebel_Ali",
    "name": "Palm Jebel Ali"
  },
  "palm-jumeirah": {
    "been": true,
    "coords": "25°07′05″N, 55°08′00″E",
    "country": "AE",
    "link": "https://en.wikipedia.org/wiki/Palm_Jumeirah",
    "name": "Palm Jumeirah"
  },
  "panama-city": {
    "been": true,
    "coords": "8°59′N, 79°31′W",
    "country": "PA",
    "link": "https://en.wikipedia.org/wiki/Panama_City",
    "name": "Panama City"
  },
  "pearl-island": {
    "been": false,
    "coords": "25°22′7″N, 51°33′7″E",
    "country": "QA",
    "link": "https://en.wikipedia.org/wiki/The_Pearl-Qatar",
    "name": "Pearl Island"
  },
  "perth": {
    "been": false,
    "coords": "-31.955833333333334, 115.85972222222222",
    "country": "AU",
    "link": "https://en.wikipedia.org/wiki/Perth,_Australia",
    "name": "Perth"
  },
  "rio-de-janeiro": {
    "been": false,
    "coords": "22°54′40″S, 43°12′20″W",
    "country": "BR",
    "link": "https://en.wikipedia.org/wiki/Rio_de_Janeiro",
    "name": "Rio de Janeiro"
  },
  "saadiyat-island": {
    "been": false,
    "coords": "24.531666666667, 54.443055555556",
    "country": "AE",
    "link": "https://en.wikipedia.org/wiki/Saadiyat_Island",
    "name": "Saadiyat Island"
  },
  "san-francisco-bay": {
    "been": true,
    "coords": "37.67°N, 122.27°W",
    "country": "US",
    "link": "https://en.wikipedia.org/wiki/San_Francisco_Bay",
    "name": "San Francisco Bay"
  },
  "santa-cruz-del-islote": {
    "been": false,
    "coords": "9°47′9″N, 75°51′33″W",
    "country": "CO",
    "link": "https://en.wikipedia.org/wiki/Santa_Cruz_del_Islote",
    "name": "Santa Cruz del Islote"
  },
  "shenzhen": {
    "been": true,
    "coords": "22°33′N, 114°06′E",
    "country": "CN",
    "link": "https://en.wikipedia.org/wiki/Shenzhen",
    "name": "Shenzhen"
  },
  "singapore": {
    "been": false,
    "coords": "1°17′N, 103°50′E",
    "country": "SG",
    "link": "https://en.wikipedia.org/wiki/Singapore",
    "name": "Singapore"
  },
  "sodo": {
    "been": true,
    "coords": "47°35′20″N, 122°19′57″W",
    "country": "US",
    "link": "https://en.wikipedia.org/wiki/SoDo,_Seattle",
    "name": "SoDo"
  },
  "st-davids-island": {
    "been": false,
    "country": "BM",
    "link": "https://en.wikipedia.org/wiki/St_David%27s_Island,_Bermuda",
    "name": "St David’s Island"
  },
  "st-helier": {
    "been": false,
    "coords": "49°11′09″N, 02°06′36″W",
    "country": "JE",
    "link": "https://en.wikipedia.org/wiki/St._Helier",
    "name": "St Helier"
  },
  "suva": {
    "been": false,
    "coords": "18.1416°S, 178.4419°E",
    "country": "FJ",
    "link": "https://en.wikipedia.org/wiki/Suva",
    "name": "Suva"
  },
  "sydney": {
    "been": false,
    "coords": "33°52′04″S, 151°12′36″E",
    "country": "AU",
    "link": "https://en.wikipedia.org/wiki/Sydney,_Australia",
    "name": "Sydney"
  },
  "thames-estuary": {
    "been": true,
    "coords": "51°30.662′N, 0°05.766′E",
    "country": "GB",
    "link": "https://en.wikipedia.org/wiki/Embanking_of_the_tidal_Thames",
    "name": "Thames Estuary"
  },
  "tokyo-bay": {
    "been": true,
    "coords": "35°31′21″N, 139°54′36″E",
    "country": "JP",
    "link": "https://en.wikipedia.org/wiki/Tokyo_Bay#Land_reclamation",
    "name": "Tokyo Bay"
  },
  "valparaiso": {
    "been": false,
    "coords": "33°02′46″S, 71°37′11″W",
    "country": "CL",
    "link": "https://en.wikipedia.org/wiki/Valpara%C3%ADso",
    "name": "Valparaíso"
  },
  "vargas-state": {
    "been": false,
    "coords": "10.572°N, 66.88°W",
    "country": "VE",
    "link": "https://en.wikipedia.org/wiki/Vargas_(state)",
    "name": "Vargas State"
  },
  "venice": {
    "been": true,
    "coords": "45°26′15″N, 12°20′9″E",
    "country": "IT",
    "link": "https://en.wikipedia.org/wiki/Venice",
    "name": "Venice"
  },
  "wellington": {
    "been": false,
    "coords": "41°17′20″S, 174°46′38″E",
    "country": "NZ",
    "link": "https://en.wikipedia.org/wiki/Wellington",
    "name": "Wellington"
  },
  "world": {
    "been": true,
    "coords": "25°13′00″N, 55°10′00″E",
    "country": "AE",
    "link": "https://en.wikipedia.org/wiki/The_World_(archipelago)",
    "name": "The World"
  },
  "xinghai-square": {
    "been": false,
    "coords": "38°52′52″N, 121°34′58″E",
    "country": "CN",
    "link": "https://en.wikipedia.org/wiki/Xinghai_Square",
    "name": "Xinghai Square"
  },
  "yas-island": {
    "been": false,
    "coords": "24.5, 54.6",
    "country": "AE",
    "link": "https://en.wikipedia.org/wiki/Yas_Island",
    "name": "Yas Island"
  },
  "yenikapı": {
    "been": true,
    "coords": "41°00′N, 28°57′E",
    "country": "TR",
    "link": "https://en.wikipedia.org/wiki/Yenikap%C4%B1",
    "name": "Yenikapı"
  },
  "zeebrugge": {
    "been": true,
    "coords": "51°19′49″N, 3°12′23″E",
    "country": "BE",
    "link": "https://en.wikipedia.org/wiki/Zeebrugge",
    "name": "Zeebrugge"
  }
}