{
  "--info--": {
    "icon": "🛻",
    "map": {
      "cluster": "false",
      "lat": "42.6",
      "lon": "-97",
      "style": "height:",
      "zoom": "5"
    },
    "name": "Route 20",
    "size": "large",
    "sort": "order",
    "tags": ["auto", "ordered"],
    "type": "place"
  },
  "ackley-ia": {
    "been": true,
    "coords": "42.55194444, -93.05277778",
    "country": "US",
    "icons": ["🇺🇸"],
    "link": "https://en.wikipedia.org/wiki/Ackley,_Iowa",
    "name": "Ackley, IA",
    "order": 152,
    "state": "IA"
  },
  "addison-il": {
    "been": true,
    "coords": "41.93166667, -88.00222222",
    "country": "US",
    "icons": ["🇺🇸"],
    "link": "https://en.wikipedia.org/wiki/Addison,_Illinois",
    "name": "Addison, IL",
    "order": 126,
    "state": "IL"
  },
  "ainsworth-ne": {
    "been": true,
    "coords": "42.54833333, -99.85750000",
    "country": "US",
    "icons": ["🇺🇸"],
    "link": "https://en.wikipedia.org/wiki/Ainsworth,_Nebraska",
    "name": "Ainsworth, NE",
    "order": 185,
    "state": "NE"
  },
  "albany-ny": {
    "been": true,
    "coords": "42.65250000, -73.75722222",
    "country": "US",
    "icons": ["🇺🇸"],
    "link": "https://en.wikipedia.org/wiki/Albany,_New_York",
    "name": "Albany, NY",
    "order": 30,
    "state": "NY"
  },
  "albany-or": {
    "been": true,
    "coords": "44.63027778, -123.09666667",
    "country": "US",
    "icons": ["🇺🇸"],
    "link": "https://en.wikipedia.org/wiki/Albany,_Oregon",
    "name": "Albany, OR",
    "order": 243,
    "state": "OR"
  },
  "alden-ny": {
    "been": true,
    "coords": "42.90000000, -78.49083333",
    "country": "US",
    "icons": ["🇺🇸"],
    "link": "https://en.wikipedia.org/wiki/Alden,_New_York",
    "name": "Alden, NY",
    "order": 49,
    "state": "NY"
  },
  "angola-in": {
    "been": true,
    "coords": "41.63694444, -85.00138889",
    "country": "US",
    "icons": ["🇺🇸"],
    "link": "https://en.wikipedia.org/wiki/Angola,_Indiana",
    "name": "Angola, IN",
    "order": 93,
    "state": "IN"
  },
  "arco-id": {
    "been": true,
    "coords": "43.62583333, -113.30166667",
    "country": "US",
    "icons": ["🇺🇸"],
    "link": "https://en.wikipedia.org/wiki/Arco,_Idaho",
    "name": "Arco, ID",
    "order": 224,
    "state": "ID"
  },
  "ashtabula-oh": {
    "been": true,
    "coords": "41.87444444, -80.79583333",
    "country": "US",
    "icons": ["🇺🇸"],
    "link": "https://en.wikipedia.org/wiki/Ashtabula,_Ohio",
    "name": "Ashtabula, OH",
    "order": 68,
    "state": "OH"
  },
  "ashton-id": {
    "been": true,
    "coords": "44.07333333, -111.44833333",
    "country": "US",
    "icons": ["🇺🇸"],
    "link": "https://en.wikipedia.org/wiki/Ashton,_Idaho",
    "name": "Ashton, ID",
    "order": 219,
    "state": "ID"
  },
  "atkinson-ne": {
    "been": true,
    "coords": "42.53083333, -98.97472222",
    "country": "US",
    "icons": ["🇺🇸"],
    "link": "https://en.wikipedia.org/wiki/Atkinson,_Nebraska",
    "name": "Atkinson, NE",
    "order": 180,
    "state": "NE"
  },
  "atomic-city-id": {
    "been": true,
    "coords": "43.44305556, -112.81250000",
    "country": "US",
    "icons": ["🇺🇸"],
    "link": "https://en.wikipedia.org/wiki/Atomic_City,_Idaho",
    "name": "Atomic City, ID",
    "order": 223,
    "state": "ID"
  },
  "auburn-ma": {
    "been": true,
    "coords": "42.20000000, -71.83333333",
    "country": "US",
    "icons": ["🇺🇸"],
    "link": "https://en.wikipedia.org/wiki/Auburn,_Massachusetts",
    "name": "Auburn, MA",
    "order": 10,
    "state": "MA"
  },
  "auburn-ny": {
    "been": true,
    "coords": "42.93333333, -76.56666667",
    "country": "US",
    "icons": ["🇺🇸"],
    "link": "https://en.wikipedia.org/wiki/Auburn,_New_York",
    "name": "Auburn, NY",
    "order": 40,
    "state": "NY"
  },
  "avon-ny": {
    "been": true,
    "coords": "42.91194444, -77.74611111",
    "country": "US",
    "icons": ["🇺🇸"],
    "link": "https://en.wikipedia.org/wiki/Avon,_New_York",
    "name": "Avon, NY",
    "order": 46,
    "state": "NY"
  },
  "bartlett-il": {
    "been": true,
    "coords": "41.99527778, -88.18555556",
    "country": "US",
    "icons": ["🇺🇸"],
    "link": "https://en.wikipedia.org/wiki/Bartlett,_Illinois",
    "name": "Bartlett, IL",
    "order": 128,
    "state": "IL"
  },
  "bassett-ne": {
    "been": true,
    "coords": "42.58250000, -99.53666667",
    "country": "US",
    "icons": ["🇺🇸"],
    "link": "https://en.wikipedia.org/wiki/Bassett,_Nebraska",
    "name": "Bassett, NE",
    "order": 183,
    "state": "NE"
  },
  "batavia-ny": {
    "been": true,
    "coords": "42.99861111, -78.18416667",
    "country": "US",
    "icons": ["🇺🇸"],
    "link": "https://en.wikipedia.org/wiki/Batavia,_New_York",
    "name": "Batavia, NY",
    "order": 48,
    "state": "NY"
  },
  "becket-ma": {
    "been": true,
    "coords": "42.33194444, -73.08333333",
    "country": "US",
    "icons": ["🇺🇸"],
    "link": "https://en.wikipedia.org/wiki/Becket,_Massachusetts",
    "name": "Becket, MA",
    "order": 22,
    "state": "MA"
  },
  "belden-ne": {
    "been": true,
    "coords": "42.41166667, -97.20750000",
    "country": "US",
    "icons": ["🇺🇸"],
    "link": "https://en.wikipedia.org/wiki/Belden,_Nebraska",
    "name": "Belden, NE",
    "order": 171,
    "state": "NE"
  },
  "bellevue-oh": {
    "been": true,
    "coords": "41.28138889, -82.85888889",
    "country": "US",
    "icons": ["🇺🇸"],
    "link": "https://en.wikipedia.org/wiki/Bellevue,_Ohio",
    "name": "Bellevue, OH",
    "order": 83,
    "state": "OH"
  },
  "bellwood-il": {
    "been": true,
    "city": "Chicago",
    "coords": "41.88292400, -87.87642800",
    "country": "US",
    "icons": ["🇺🇸"],
    "link": "https://en.wikipedia.org/wiki/Bellwood,_Illinois",
    "name": "Bellwood, IL",
    "order": 121,
    "state": "IL"
  },
  "belvidere-il": {
    "been": true,
    "coords": "42.25472222, -88.84416667",
    "country": "US",
    "icons": ["🇺🇸"],
    "link": "https://en.wikipedia.org/wiki/Belvidere,_Illinois",
    "name": "Belvidere, IL",
    "order": 132,
    "state": "IL"
  },
  "bend-or": {
    "been": true,
    "coords": "44.05805556, -121.31527778",
    "country": "US",
    "icons": ["🇺🇸"],
    "link": "https://en.wikipedia.org/wiki/Bend,_Oregon",
    "name": "Bend, OR",
    "order": 239,
    "state": "OR"
  },
  "bloomfield-ny": {
    "been": true,
    "coords": "42.89916667, -77.42972222",
    "country": "US",
    "icons": ["🇺🇸"],
    "link": "https://en.wikipedia.org/wiki/Bloomfield,_New_York",
    "name": "Bloomfield, NY",
    "order": 45,
    "state": "NY"
  },
  "boise-id": {
    "been": true,
    "city": "Boise",
    "coords": "43.61583333, -116.20166667",
    "country": "US",
    "icons": ["🇺🇸"],
    "link": "https://en.wikipedia.org/wiki/Boise,_Idaho",
    "name": "Boise, ID",
    "order": 229,
    "state": "ID"
  },
  "boston-ma": {
    "been": true,
    "city": "Boston",
    "coords": "42.31861111, -70.99111111",
    "country": "US",
    "icons": ["🇺🇸"],
    "link": "https://en.wikipedia.org/wiki/Boston,_Massachusetts",
    "name": "Boston, MA",
    "order": 0,
    "state": "MA"
  },
  "bridgeview-il": {
    "been": true,
    "city": "Chicago",
    "coords": "41.75000000, -87.80000000",
    "country": "US",
    "icons": ["🇺🇸"],
    "link": "https://en.wikipedia.org/wiki/Bridgeview,_Illinois",
    "name": "Bridgeview, IL",
    "order": 113,
    "state": "IL"
  },
  "bridgewater-ny": {
    "been": true,
    "coords": "42.88333333, -75.25000000",
    "country": "US",
    "icons": ["🇺🇸"],
    "link": "https://en.wikipedia.org/wiki/Bridgewater,_New_York",
    "name": "Bridgewater, NY",
    "order": 36,
    "state": "NY"
  },
  "brimfield-ma": {
    "been": true,
    "coords": "42.12277778, -72.20138889",
    "country": "US",
    "icons": ["🇺🇸"],
    "link": "https://en.wikipedia.org/wiki/Brimfield,_Massachusetts",
    "name": "Brimfield, MA",
    "order": 13,
    "state": "MA"
  },
  "brothers-or": {
    "been": true,
    "coords": "43.81361111, -120.60333333",
    "country": "US",
    "icons": ["🇺🇸"],
    "link": "https://en.wikipedia.org/wiki/Brothers,_Oregon",
    "name": "Brothers, OR",
    "order": 238,
    "state": "OR"
  },
  "brunswick-ne": {
    "been": true,
    "coords": "42.33777778, -97.97166667",
    "country": "US",
    "icons": ["🇺🇸"],
    "link": "https://en.wikipedia.org/wiki/Brunswick,_Nebraska",
    "name": "Brunswick, NE",
    "order": 175,
    "state": "NE"
  },
  "burns-harbor-in": {
    "been": true,
    "coords": "41.62861111, -87.12444444",
    "country": "US",
    "icons": ["🇺🇸"],
    "link": "https://en.wikipedia.org/wiki/Burns_Harbor,_Indiana",
    "name": "Burns Harbor, IN",
    "order": 103,
    "state": "IN"
  },
  "burns-or": {
    "been": true,
    "coords": "43.58833333, -119.06138889",
    "country": "US",
    "icons": ["🇺🇸"],
    "link": "https://en.wikipedia.org/wiki/Burns,_Oregon",
    "name": "Burns, OR",
    "order": 235,
    "state": "OR"
  },
  "caldwell-id": {
    "been": true,
    "coords": "43.64444444, -116.64694444",
    "country": "US",
    "icons": ["🇺🇸"],
    "link": "https://en.wikipedia.org/wiki/Caldwell,_Idaho",
    "name": "Caldwell, ID",
    "order": 230,
    "state": "ID"
  },
  "canandaigua-ny": {
    "been": true,
    "coords": "42.88750000, -77.28166667",
    "country": "US",
    "icons": ["🇺🇸"],
    "link": "https://en.wikipedia.org/wiki/Canandaigua,_New_York",
    "name": "Canandaigua, NY",
    "order": 44,
    "state": "NY"
  },
  "carey-id": {
    "been": true,
    "coords": "43.30972222, -113.94444444",
    "country": "US",
    "icons": ["🇺🇸"],
    "link": "https://en.wikipedia.org/wiki/Carey,_Idaho",
    "name": "Carey, ID",
    "order": 225,
    "state": "ID"
  },
  "casper-wy": {
    "been": true,
    "coords": "42.85000000, -106.32500000",
    "country": "US",
    "icons": ["🇺🇸"],
    "link": "https://en.wikipedia.org/wiki/Casper,_Wyoming",
    "name": "Casper, WY",
    "order": 206,
    "state": "WY"
  },
  "cazenovia-ny": {
    "been": true,
    "coords": "42.93150000, -75.85260000",
    "country": "US",
    "icons": ["🇺🇸"],
    "link": "https://en.wikipedia.org/wiki/Cazenovia,_New_York",
    "name": "Cazenovia, NY",
    "order": 38,
    "state": "NY"
  },
  "chadron-ne": {
    "been": true,
    "coords": "42.82611111, -103.00250000",
    "country": "US",
    "icons": ["🇺🇸"],
    "link": "https://en.wikipedia.org/wiki/Chadron,_Nebraska",
    "name": "Chadron, NE",
    "order": 198,
    "state": "NE"
  },
  "charlton-ma": {
    "been": true,
    "coords": "42.13555556, -71.97055556",
    "country": "US",
    "icons": ["🇺🇸"],
    "link": "https://en.wikipedia.org/wiki/Charlton,_Massachusetts",
    "name": "Charlton, MA",
    "order": 11,
    "state": "MA"
  },
  "cherry-valley-ny": {
    "been": true,
    "coords": "42.80888889, -74.73722222",
    "country": "US",
    "icons": ["🇺🇸"],
    "link": "https://en.wikipedia.org/wiki/Cherry_Valley,_New_York",
    "name": "Cherry Valley, NY",
    "order": 33,
    "state": "NY"
  },
  "chester-ma": {
    "been": true,
    "coords": "42.27916667, -72.97916667",
    "country": "US",
    "icons": ["🇺🇸"],
    "link": "https://en.wikipedia.org/wiki/Chester,_Massachusetts",
    "name": "Chester, MA",
    "order": 21,
    "state": "MA"
  },
  "chicago-il": {
    "been": true,
    "city": "Chicago",
    "coords": "41.72260, -87.56590",
    "country": "US",
    "icons": ["🇺🇸"],
    "link": "https://en.wikipedia.org/wiki/Chicago,_Illinois",
    "name": "Chicago, IL",
    "order": 109,
    "state": "IL"
  },
  "chicago-ridge-il": {
    "been": true,
    "city": "Chicago",
    "coords": "41.70250000, -87.77861111",
    "country": "US",
    "icons": ["🇺🇸"],
    "link": "https://en.wikipedia.org/wiki/Chicago_Ridge,_Illinois",
    "name": "Chicago Ridge, IL",
    "order": 112,
    "state": "IL"
  },
  "cleveland-oh": {
    "been": true,
    "city": "Cleveland",
    "coords": "41.50000000, -81.68750000",
    "country": "US",
    "icons": ["🇺🇸"],
    "link": "https://en.wikipedia.org/wiki/Cleveland,_Ohio",
    "name": "Cleveland, OH",
    "order": 75,
    "state": "OH"
  },
  "clinton-ne": {
    "been": true,
    "coords": "42.75972222, -102.34777778",
    "country": "US",
    "icons": ["🇺🇸"],
    "link": "https://en.wikipedia.org/wiki/Clinton,_Nebraska",
    "name": "Clinton, NE",
    "order": 195,
    "state": "NE"
  },
  "clyde-oh": {
    "been": true,
    "coords": "41.31000000, -82.99055556",
    "country": "US",
    "icons": ["🇺🇸"],
    "link": "https://en.wikipedia.org/wiki/Clyde,_Ohio",
    "name": "Clyde, OH",
    "order": 84,
    "state": "OH"
  },
  "cody-ne": {
    "been": true,
    "coords": "42.93777778, -101.24888889",
    "country": "US",
    "icons": ["🇺🇸"],
    "link": "https://en.wikipedia.org/wiki/Cody,_Nebraska",
    "name": "Cody, NE",
    "order": 192,
    "state": "NE"
  },
  "cody-wy": {
    "been": true,
    "coords": "44.50777778, -109.04611111",
    "country": "US",
    "icons": ["🇺🇸"],
    "link": "https://en.wikipedia.org/wiki/Cody,_Wyoming",
    "name": "Cody, WY",
    "order": 214,
    "state": "WY"
  },
  "conneaut-oh": {
    "been": true,
    "coords": "41.92500000, -80.59027778",
    "country": "US",
    "icons": ["🇺🇸"],
    "link": "https://en.wikipedia.org/wiki/Conneaut,_Ohio",
    "name": "Conneaut, OH",
    "order": 67,
    "state": "OH"
  },
  "correctionville-ia": {
    "badges": ["ğŸ“"],
    "been": true,
    "coords": "42.47750000, -95.78305556",
    "country": "US",
    "icons": ["🇺🇸"],
    "link": "https://en.wikipedia.org/wiki/Correctionville,_Iowa",
    "name": "Correctionville, IA",
    "order": 162,
    "state": "IA"
  },
  "corvallis-or": {
    "been": true,
    "coords": "44.56972222, -123.27833333",
    "country": "US",
    "icons": ["🇺🇸"],
    "link": "https://en.wikipedia.org/wiki/Corvallis,_Oregon",
    "name": "Corvallis, OR",
    "order": 244,
    "state": "OR"
  },
  "countryside-il": {
    "been": true,
    "city": "Chicago",
    "coords": "41.77888889, -87.87388889",
    "country": "US",
    "icons": ["🇺🇸"],
    "link": "https://en.wikipedia.org/wiki/Countryside,_Illinois",
    "name": "Countryside, IL",
    "order": 117,
    "state": "IL"
  },
  "crawford-ne": {
    "been": true,
    "coords": "42.68444444, -103.41611111",
    "country": "US",
    "icons": ["🇺🇸"],
    "link": "https://en.wikipedia.org/wiki/Crawford,_Nebraska",
    "name": "Crawford, NE",
    "order": 199,
    "state": "NE"
  },
  "crookston-ne": {
    "been": true,
    "coords": "42.92638889, -100.74833333",
    "country": "US",
    "icons": ["🇺🇸"],
    "link": "https://en.wikipedia.org/wiki/Crookston,_Nebraska",
    "name": "Crookston, NE",
    "order": 189,
    "state": "NE"
  },
  "depew-ny": {
    "been": true,
    "coords": "42.91166667, -78.70166667",
    "country": "US",
    "icons": ["🇺🇸"],
    "link": "https://en.wikipedia.org/wiki/Depew,_New_York",
    "name": "Depew, NY",
    "order": 51,
    "state": "NY"
  },
  "douglas-wy": {
    "been": true,
    "coords": "42.75611111, -105.38444444",
    "country": "US",
    "icons": ["🇺🇸"],
    "link": "https://en.wikipedia.org/wiki/Douglas,_Wyoming",
    "name": "Douglas, WY",
    "order": 204,
    "state": "WY"
  },
  "duanesburg-ny": {
    "been": true,
    "coords": "42.78083333, -74.17055556",
    "country": "US",
    "icons": ["🇺🇸"],
    "link": "https://en.wikipedia.org/wiki/Duanesburg,_New_York",
    "name": "Duanesburg, NY",
    "order": 32,
    "state": "NY"
  },
  "dubuque-ia": {
    "been": true,
    "coords": "42.49972222, -90.72361111",
    "country": "US",
    "icons": ["🇺🇸"],
    "link": "https://en.wikipedia.org/wiki/Dubuque,_Iowa",
    "name": "Dubuque, IA",
    "order": 142,
    "state": "IA"
  },
  "dyersville-ia": {
    "been": true,
    "coords": "42.48972222, -91.10416667",
    "country": "US",
    "icons": ["🇺🇸"],
    "link": "https://en.wikipedia.org/wiki/Dyersville,_Iowa",
    "name": "Dyersville, IA",
    "order": 145,
    "state": "IA"
  },
  "east-chicago-in": {
    "been": true,
    "coords": "41.63888889, -87.45944444",
    "country": "US",
    "icons": ["🇺🇸"],
    "link": "https://en.wikipedia.org/wiki/East_Chicago,_Indiana",
    "name": "East Chicago, IN",
    "order": 106,
    "state": "IN"
  },
  "east-dubuque-il": {
    "been": true,
    "coords": "42.49111111, -90.64111111",
    "country": "US",
    "icons": ["🇺🇸"],
    "link": "https://en.wikipedia.org/wiki/East_Dubuque,_Illinois",
    "name": "East Dubuque, IL",
    "order": 141,
    "state": "IL"
  },
  "east-greenbush-ny": {
    "been": true,
    "coords": "42.61222222, -73.69944444",
    "country": "US",
    "icons": ["🇺🇸"],
    "link": "https://en.wikipedia.org/wiki/East_Greenbush,_New_York",
    "name": "East Greenbush, NY",
    "order": 28,
    "state": "NY"
  },
  "east-springfield-pa": {
    "been": true,
    "coords": "41.96666667, -80.50805556",
    "country": "US",
    "icons": ["🇺🇸"],
    "link": "https://en.wikipedia.org/wiki/East_Springfield,_Pennsylvania",
    "name": "East Springfield, PA",
    "order": 65,
    "state": "PA"
  },
  "edon-oh": {
    "been": true,
    "coords": "41.55611111, -84.76944444",
    "country": "US",
    "icons": ["🇺🇸"],
    "link": "https://en.wikipedia.org/wiki/Edon,_Ohio",
    "name": "Edon, OH",
    "order": 92,
    "state": "OH"
  },
  "eldora-ia": {
    "been": true,
    "coords": "42.36305556, -93.10972222",
    "country": "US",
    "icons": ["🇺🇸"],
    "link": "https://en.wikipedia.org/wiki/Eldora,_Iowa",
    "name": "Eldora, IA",
    "order": 151,
    "state": "IA"
  },
  "eleroy-il": {
    "been": true,
    "coords": "42.33222222, -89.76083333",
    "country": "US",
    "icons": ["🇺🇸"],
    "link": "https://en.wikipedia.org/wiki/Eleroy,_Illinois",
    "name": "Eleroy, IL",
    "order": 136,
    "state": "IL"
  },
  "elgin-il": {
    "been": true,
    "coords": "42.03833333, -88.32277778",
    "country": "US",
    "icons": ["🇺🇸"],
    "link": "https://en.wikipedia.org/wiki/Elgin,_Illinois",
    "name": "Elgin, IL",
    "order": 129,
    "state": "IL"
  },
  "elizabeth-il": {
    "been": true,
    "coords": "42.31777778, -90.22138889",
    "country": "US",
    "icons": ["🇺🇸"],
    "link": "https://en.wikipedia.org/wiki/Elizabeth,_Illinois",
    "name": "Elizabeth, IL",
    "order": 139,
    "state": "IL"
  },
  "elkhart-in": {
    "been": true,
    "coords": "41.68305556, -85.96888889",
    "country": "US",
    "icons": ["🇺🇸"],
    "link": "https://en.wikipedia.org/wiki/Elkhart,_Indiana",
    "name": "Elkhart, IN",
    "order": 96,
    "state": "IN"
  },
  "elmhurst-il": {
    "been": true,
    "city": "Chicago",
    "coords": "41.89947000, -87.94034000",
    "country": "US",
    "icons": ["🇺🇸"],
    "link": "https://en.wikipedia.org/wiki/Elmhurst,_Illinois",
    "name": "Elmhurst, IL",
    "order": 125,
    "state": "IL"
  },
  "elyria-oh": {
    "been": true,
    "coords": "41.36840000, -82.10760000",
    "country": "US",
    "icons": ["🇺🇸"],
    "link": "https://en.wikipedia.org/wiki/Elyria,_Ohio",
    "name": "Elyria, OH",
    "order": 79,
    "state": "OH"
  },
  "erie-pa": {
    "been": true,
    "coords": "42.12944444, -80.08500000",
    "country": "US",
    "icons": ["🇺🇸"],
    "link": "https://en.wikipedia.org/wiki/Erie,_Pennsylvania",
    "name": "Erie, PA",
    "order": 62,
    "state": "PA"
  },
  "euclid-oh": {
    "been": true,
    "coords": "41.59555556, -81.51916667",
    "country": "US",
    "icons": ["🇺🇸"],
    "link": "https://en.wikipedia.org/wiki/Euclid,_Ohio",
    "name": "Euclid, OH",
    "order": 74,
    "state": "OH"
  },
  "evans-ny": {
    "been": true,
    "coords": "42.64611111, -79.03305556",
    "country": "US",
    "icons": ["🇺🇸"],
    "link": "https://en.wikipedia.org/wiki/Evans,_New_York",
    "name": "Evans, NY",
    "order": 54,
    "state": "NY"
  },
  "evergreen-park-il": {
    "been": true,
    "city": "Chicago",
    "coords": "41.72000000, -87.70250000",
    "country": "US",
    "icons": ["🇺🇸"],
    "link": "https://en.wikipedia.org/wiki/Evergreen_Park,_Illinois",
    "name": "Evergreen Park, IL",
    "order": 110,
    "state": "IL"
  },
  "fairfield-id": {
    "been": true,
    "coords": "43.34888889, -114.80055556",
    "country": "US",
    "icons": ["🇺🇸"],
    "link": "https://en.wikipedia.org/wiki/Fairfield,_Idaho",
    "name": "Fairfield, ID",
    "order": 227,
    "state": "ID"
  },
  "fairview-township-pa": {
    "been": true,
    "coords": "42.01666667, -80.25138889",
    "country": "US",
    "icons": ["🇺🇸"],
    "link": "https://en.wikipedia.org/wiki/Fairview_Township,_Erie_County,_Pennsylvania",
    "name": "Fairview Township, PA",
    "order": 63,
    "state": "PA"
  },
  "farley-ia": {
    "been": true,
    "coords": "42.44361111, -91.00416667",
    "country": "US",
    "icons": ["🇺🇸"],
    "link": "https://en.wikipedia.org/wiki/Farley,_Iowa",
    "name": "Farley, IA",
    "order": 144,
    "state": "IA"
  },
  "fayette-oh": {
    "been": true,
    "coords": "41.67277778, -84.32833333",
    "country": "US",
    "icons": ["🇺🇸"],
    "link": "https://en.wikipedia.org/wiki/Fayette,_Ohio",
    "name": "Fayette, OH",
    "order": 91,
    "state": "OH"
  },
  "fort-dodge-ia": {
    "been": true,
    "coords": "42.50250000, -94.17083333",
    "country": "US",
    "icons": ["🇺🇸"],
    "link": "https://en.wikipedia.org/wiki/Fort_Dodge,_Iowa",
    "name": "Fort Dodge, IA",
    "order": 155,
    "state": "IA"
  },
  "fredonia-ny": {
    "been": true,
    "coords": "42.44055556, -79.33194444",
    "country": "US",
    "icons": ["🇺🇸"],
    "link": "https://en.wikipedia.org/wiki/Fredonia,_New_York",
    "name": "Fredonia, NY",
    "order": 56,
    "state": "NY"
  },
  "freeport-il": {
    "been": true,
    "coords": "42.29194444, -89.63027778",
    "country": "US",
    "icons": ["🇺🇸"],
    "link": "https://en.wikipedia.org/wiki/Freeport,_Illinois",
    "name": "Freeport, IL",
    "order": 135,
    "state": "IL"
  },
  "fremont-oh": {
    "been": true,
    "coords": "41.36333333, -83.14500000",
    "country": "US",
    "icons": ["🇺🇸"],
    "link": "https://en.wikipedia.org/wiki/Fremont,_Ohio",
    "name": "Fremont, OH",
    "order": 85,
    "state": "OH"
  },
  "galena-il": {
    "been": true,
    "coords": "42.41666667, -90.43333333",
    "country": "US",
    "icons": ["🇺🇸"],
    "link": "https://en.wikipedia.org/wiki/Galena,_Illinois",
    "name": "Galena, IL",
    "order": 140,
    "state": "IL"
  },
  "gary-in": {
    "been": true,
    "coords": "41.59055556, -87.34694444",
    "country": "US",
    "icons": ["🇺🇸"],
    "link": "https://en.wikipedia.org/wiki/Gary,_Indiana",
    "name": "Gary, IN",
    "order": 105,
    "state": "IN"
  },
  "geneva-ny": {
    "been": true,
    "coords": "42.87888889, -76.99305556",
    "country": "US",
    "icons": ["🇺🇸"],
    "link": "https://en.wikipedia.org/wiki/Geneva,_New_York",
    "name": "Geneva, NY",
    "order": 43,
    "state": "NY"
  },
  "geneva-oh": {
    "been": true,
    "coords": "41.80055556, -80.94611111",
    "country": "US",
    "icons": ["🇺🇸"],
    "link": "https://en.wikipedia.org/wiki/Geneva,_Ohio",
    "name": "Geneva, OH",
    "order": 69,
    "state": "OH"
  },
  "girard-pa": {
    "been": true,
    "coords": "42.00583333, -80.32138889",
    "country": "US",
    "icons": ["🇺🇸"],
    "link": "https://en.wikipedia.org/wiki/Girard,_Pennsylvania",
    "name": "Girard, PA",
    "order": 64,
    "state": "PA"
  },
  "glenrock-wy": {
    "been": true,
    "coords": "42.85805556, -105.86611111",
    "country": "US",
    "icons": ["🇺🇸"],
    "link": "https://en.wikipedia.org/wiki/Glenrock,_Wyoming",
    "name": "Glenrock, WY",
    "order": 205,
    "state": "WY"
  },
  "gordon-ne": {
    "been": true,
    "coords": "42.80666667, -102.20388889",
    "country": "US",
    "icons": ["🇺🇸"],
    "link": "https://en.wikipedia.org/wiki/Gordon,_Nebraska",
    "name": "Gordon, NE",
    "order": 194,
    "state": "NE"
  },
  "greybull-wy": {
    "been": true,
    "coords": "44.49500000, -108.05666667",
    "country": "US",
    "icons": ["🇺🇸"],
    "link": "https://en.wikipedia.org/wiki/Greybull,_Wyoming",
    "name": "Greybull, WY",
    "order": 213,
    "state": "WY"
  },
  "grundy-center-ia": {
    "been": true,
    "coords": "42.37000000, -92.76861111",
    "country": "US",
    "icons": ["🇺🇸"],
    "link": "https://en.wikipedia.org/wiki/Grundy_Center,_Iowa",
    "name": "Grundy Center, IA",
    "order": 150,
    "state": "IA"
  },
  "guilderland-ny": {
    "been": true,
    "coords": "42.70138889, -73.92527778",
    "country": "US",
    "icons": ["🇺🇸"],
    "link": "https://en.wikipedia.org/wiki/Guilderland,_New_York",
    "name": "Guilderland, NY",
    "order": 31,
    "state": "NY"
  },
  "hamburg-ny": {
    "been": true,
    "city": "Buffalo",
    "coords": "42.74444444, -78.85833333",
    "country": "US",
    "icons": ["🇺🇸"],
    "link": "https://en.wikipedia.org/wiki/Hamburg,_New_York",
    "name": "Hamburg, NY",
    "order": 53,
    "state": "NY"
  },
  "hammond-in": {
    "been": true,
    "city": "Chicago",
    "coords": "41.62600, -87.48095",
    "country": "US",
    "icons": ["🇺🇸"],
    "link": "https://en.wikipedia.org/wiki/Hammond,_Indiana",
    "name": "Hammond, IN",
    "order": 107,
    "state": "IN"
  },
  "hampshire-il": {
    "been": true,
    "coords": "42.11388889, -88.47583333",
    "country": "US",
    "icons": ["🇺🇸"],
    "link": "https://en.wikipedia.org/wiki/Hampshire,_Illinois",
    "name": "Hampshire, IL",
    "order": 130,
    "state": "IL"
  },
  "hanover-park-il": {
    "been": true,
    "coords": "41.97888889, -88.14611111",
    "country": "US",
    "icons": ["🇺🇸"],
    "link": "https://en.wikipedia.org/wiki/Hanover_Park,_Illinois",
    "name": "Hanover Park, IL",
    "order": 127,
    "state": "IL"
  },
  "harborcreek-township-pa": {
    "been": true,
    "coords": "42.15000000, -79.95000000",
    "country": "US",
    "icons": ["🇺🇸"],
    "link": "https://en.wikipedia.org/wiki/Harborcreek_Township,_Erie_County,_Pennsylvania",
    "name": "Harborcreek Township, PA",
    "order": 60,
    "state": "PA"
  },
  "harrison-ne": {
    "been": true,
    "coords": "42.68805556, -103.88250000",
    "country": "US",
    "icons": ["🇺🇸"],
    "link": "https://en.wikipedia.org/wiki/Harrison,_Nebraska",
    "name": "Harrison, NE",
    "order": 200,
    "state": "NE"
  },
  "hay-springs-ne": {
    "been": true,
    "coords": "42.68333333, -102.68972222",
    "country": "US",
    "icons": ["🇺🇸"],
    "link": "https://en.wikipedia.org/wiki/Hay_Springs,_Nebraska",
    "name": "Hay Springs, NE",
    "order": 197,
    "state": "NE"
  },
  "hickory-hills-il": {
    "been": true,
    "city": "Chicago",
    "coords": "41.72388889, -87.82694444",
    "country": "US",
    "icons": ["🇺🇸"],
    "link": "https://en.wikipedia.org/wiki/Hickory_Hills,_Illinois",
    "name": "Hickory Hills, IL",
    "order": 114,
    "state": "IL"
  },
  "hiland-wy": {
    "been": true,
    "coords": "43.11527778, -107.34888889",
    "country": "US",
    "icons": ["🇺🇸"],
    "link": "https://en.wikipedia.org/wiki/Hiland,_Wyoming",
    "name": "Hiland, WY",
    "order": 208,
    "state": "WY"
  },
  "hillside-il": {
    "been": true,
    "city": "Chicago",
    "coords": "41.87472222, -87.90027778",
    "country": "US",
    "icons": ["🇺🇸"],
    "link": "https://en.wikipedia.org/wiki/Hillside,_Illinois",
    "name": "Hillside, IL",
    "order": 120,
    "state": "IL"
  },
  "hines-or": {
    "been": true,
    "coords": "43.55916667, -119.08333333",
    "country": "US",
    "icons": ["🇺🇸"],
    "link": "https://en.wikipedia.org/wiki/Hines,_Oregon",
    "name": "Hines, OR",
    "order": 236,
    "state": "OR"
  },
  "hodgkins-il": {
    "been": true,
    "city": "Chicago",
    "coords": "41.76416667, -87.85944444",
    "country": "US",
    "icons": ["🇺🇸"],
    "link": "https://en.wikipedia.org/wiki/Hodgkins,_Illinois",
    "name": "Hodgkins, IL",
    "order": 116,
    "state": "IL"
  },
  "holstein-ia": {
    "been": true,
    "coords": "42.49583333, -95.54250000",
    "country": "US",
    "icons": ["🇺🇸"],
    "link": "https://en.wikipedia.org/wiki/Holstein,_Iowa",
    "name": "Holstein, IA",
    "order": 161,
    "state": "IA"
  },
  "huntington-ma": {
    "been": true,
    "coords": "42.23611111, -72.87638889",
    "country": "US",
    "icons": ["🇺🇸"],
    "link": "https://en.wikipedia.org/wiki/Huntington,_Massachusetts",
    "name": "Huntington, MA",
    "order": 20,
    "state": "MA"
  },
  "ida-grove-ia": {
    "been": true,
    "coords": "42.34388889, -95.47333333",
    "country": "US",
    "icons": ["🇺🇸"],
    "link": "https://en.wikipedia.org/wiki/Ida_Grove,_Iowa",
    "name": "Ida Grove, IA",
    "order": 160,
    "state": "IA"
  },
  "idaho-falls-id": {
    "been": true,
    "coords": "43.50055556, -112.02777778",
    "country": "US",
    "icons": ["🇺🇸"],
    "link": "https://en.wikipedia.org/wiki/Idaho_Falls,_Idaho",
    "name": "Idaho Falls, ID",
    "order": 222,
    "state": "ID"
  },
  "independence-ia": {
    "been": true,
    "coords": "42.46611111, -91.88777778",
    "country": "US",
    "icons": ["🇺🇸"],
    "link": "https://en.wikipedia.org/wiki/Independence,_Iowa",
    "name": "Independence, IA",
    "order": 147,
    "state": "IA"
  },
  "inman-ne": {
    "been": true,
    "coords": "42.38194444, -98.52972222",
    "country": "US",
    "icons": ["🇺🇸"],
    "link": "https://en.wikipedia.org/wiki/Inman,_Nebraska",
    "name": "Inman, NE",
    "order": 178,
    "state": "NE"
  },
  "iowa-falls-ia": {
    "been": true,
    "coords": "42.51666667, -93.26666667",
    "country": "US",
    "icons": ["🇺🇸"],
    "link": "https://en.wikipedia.org/wiki/Iowa_Falls,_Iowa",
    "name": "Iowa Falls, IA",
    "order": 153,
    "state": "IA"
  },
  "island-park-id": {
    "been": true,
    "coords": "44.49972222, -111.37222222",
    "country": "US",
    "icons": ["🇺🇸"],
    "link": "https://en.wikipedia.org/wiki/Island_Park,_Idaho",
    "name": "Island Park, ID",
    "order": 218,
    "state": "ID"
  },
  "jackson-ne": {
    "been": true,
    "coords": "42.44750000, -96.57138889",
    "country": "US",
    "icons": ["🇺🇸"],
    "link": "https://en.wikipedia.org/wiki/Jackson,_Nebraska",
    "name": "Jackson, NE",
    "order": 167,
    "state": "NE"
  },
  "jesup-ia": {
    "been": true,
    "coords": "42.47444444, -92.06555556",
    "country": "US",
    "icons": ["🇺🇸"],
    "link": "https://en.wikipedia.org/wiki/Jesup,_Iowa",
    "name": "Jesup, IA",
    "order": 148,
    "state": "IA"
  },
  "johnstown-ne": {
    "been": true,
    "coords": "42.57222222, -100.05638889",
    "country": "US",
    "icons": ["🇺🇸"],
    "link": "https://en.wikipedia.org/wiki/Johnstown,_Nebraska",
    "name": "Johnstown, NE",
    "order": 186,
    "state": "NE"
  },
  "juntura-or": {
    "been": true,
    "coords": "43.75055556, -118.07972222",
    "country": "US",
    "icons": ["🇺🇸"],
    "link": "https://en.wikipedia.org/wiki/Juntura,_Oregon",
    "name": "Juntura, OR",
    "order": 234,
    "state": "OR"
  },
  "kilgore-ne": {
    "been": true,
    "coords": "42.93916667, -100.95722222",
    "country": "US",
    "icons": ["🇺🇸"],
    "link": "https://en.wikipedia.org/wiki/Kilgore,_Nebraska",
    "name": "Kilgore, NE",
    "order": 190,
    "state": "NE"
  },
  "la-grange-il": {
    "been": true,
    "city": "Chicago",
    "coords": "41.80805556, -87.87333333",
    "country": "US",
    "icons": ["🇺🇸"],
    "link": "https://en.wikipedia.org/wiki/La_Grange,_Illinois",
    "name": "La Grange, IL",
    "order": 118,
    "state": "IL"
  },
  "lagrange-in": {
    "been": true,
    "coords": "41.64805556, -85.41805556",
    "country": "US",
    "icons": ["🇺🇸"],
    "link": "https://en.wikipedia.org/wiki/LaGrange,_Indiana",
    "name": "LaGrange, IN",
    "order": 94,
    "state": "IN"
  },
  "lakewood-oh": {
    "been": true,
    "city": "Cleveland",
    "coords": "41.48194444, -81.79833333",
    "country": "US",
    "icons": ["🇺🇸"],
    "link": "https://en.wikipedia.org/wiki/Lakewood,_Ohio",
    "name": "Lakewood, OH",
    "order": 76,
    "state": "OH"
  },
  "lancaster-ny": {
    "been": true,
    "coords": "42.90611111, -78.63388889",
    "country": "US",
    "icons": ["🇺🇸"],
    "link": "https://en.wikipedia.org/wiki/Lancaster,_New_York",
    "name": "Lancaster, NY",
    "order": 50,
    "state": "NY"
  },
  "laurel-ne": {
    "been": true,
    "coords": "42.42888889, -97.09694444",
    "country": "US",
    "icons": ["🇺🇸"],
    "link": "https://en.wikipedia.org/wiki/Laurel,_Nebraska",
    "name": "Laurel, NE",
    "order": 170,
    "state": "NE"
  },
  "lawton-ia": {
    "been": true,
    "coords": "42.47694444, -96.18500000",
    "country": "US",
    "icons": ["🇺🇸"],
    "link": "https://en.wikipedia.org/wiki/Lawton,_Iowa",
    "name": "Lawton, IA",
    "order": 164,
    "state": "IA"
  },
  "le-roy-ny": {
    "been": true,
    "coords": "42.97750000, -77.99222222",
    "country": "US",
    "icons": ["🇺🇸"],
    "link": "https://en.wikipedia.org/wiki/Le_Roy,_New_York",
    "name": "Le Roy, NY",
    "order": 47,
    "state": "NY"
  },
  "lebanon-or": {
    "been": true,
    "coords": "44.53166667, -122.90694444",
    "country": "US",
    "icons": ["🇺🇸"],
    "link": "https://en.wikipedia.org/wiki/Lebanon,_Oregon",
    "name": "Lebanon, OR",
    "order": 242,
    "state": "OR"
  },
  "lee-ma": {
    "been": true,
    "coords": "42.30416667, -73.24861111",
    "country": "US",
    "icons": ["🇺🇸"],
    "link": "https://en.wikipedia.org/wiki/Lee,_Massachusetts",
    "name": "Lee, MA",
    "order": 23,
    "state": "MA"
  },
  "lena-il": {
    "been": true,
    "coords": "42.37861111, -89.82638889",
    "country": "US",
    "icons": ["🇺🇸"],
    "link": "https://en.wikipedia.org/wiki/Lena,_Illinois",
    "name": "Lena, IL",
    "order": 137,
    "state": "IL"
  },
  "lenox-ma": {
    "been": true,
    "coords": "42.35638889, -73.28527778",
    "country": "US",
    "icons": ["🇺🇸"],
    "link": "https://en.wikipedia.org/wiki/Lenox,_Massachusetts",
    "name": "Lenox, MA",
    "order": 24,
    "state": "MA"
  },
  "long-pine-ne": {
    "been": true,
    "coords": "42.53527778, -99.70277778",
    "country": "US",
    "icons": ["🇺🇸"],
    "link": "https://en.wikipedia.org/wiki/Long_Pine,_Nebraska",
    "name": "Long Pine, NE",
    "order": 184,
    "state": "NE"
  },
  "lusk-wy": {
    "been": true,
    "coords": "42.76055556, -104.45277778",
    "country": "US",
    "icons": ["🇺🇸"],
    "link": "https://en.wikipedia.org/wiki/Lusk,_Wyoming",
    "name": "Lusk, WY",
    "order": 202,
    "state": "WY"
  },
  "madison-ny": {
    "been": true,
    "coords": "42.90083333, -75.51527778",
    "country": "US",
    "icons": ["🇺🇸"],
    "link": "https://en.wikipedia.org/wiki/Madison,_New_York",
    "name": "Madison, NY",
    "order": 37,
    "state": "NY"
  },
  "manchester-ia": {
    "been": true,
    "coords": "42.49388889, -91.45583333",
    "country": "US",
    "icons": ["🇺🇸"],
    "link": "https://en.wikipedia.org/wiki/Manchester,_Iowa",
    "name": "Manchester, IA",
    "order": 146,
    "state": "IA"
  },
  "manson-ia": {
    "been": true,
    "coords": "42.52861111, -94.54000000",
    "country": "US",
    "icons": ["🇺🇸"],
    "link": "https://en.wikipedia.org/wiki/Manson,_Iowa",
    "name": "Manson, IA",
    "order": 156,
    "state": "IA"
  },
  "marengo-il": {
    "been": true,
    "coords": "42.25083333, -88.60500000",
    "country": "US",
    "icons": ["🇺🇸"],
    "link": "https://en.wikipedia.org/wiki/Marengo,_Illinois",
    "name": "Marengo, IL",
    "order": 131,
    "state": "IL"
  },
  "marlborough-ma": {
    "been": true,
    "coords": "42.34583333, -71.55277778",
    "country": "US",
    "icons": ["🇺🇸"],
    "link": "https://en.wikipedia.org/wiki/Marlborough,_Massachusetts",
    "name": "Marlborough, MA",
    "order": 6,
    "state": "MA"
  },
  "maumee-oh": {
    "been": true,
    "coords": "41.57361111, -83.64583333",
    "country": "US",
    "icons": ["🇺🇸"],
    "link": "https://en.wikipedia.org/wiki/Maumee,_Ohio",
    "name": "Maumee, OH",
    "order": 88,
    "state": "OH"
  },
  "melrose-park-il": {
    "been": true,
    "city": "Chicago",
    "coords": "41.90777778, -87.86444444",
    "country": "US",
    "icons": ["🇺🇸"],
    "link": "https://en.wikipedia.org/wiki/Melrose_Park,_Illinois",
    "name": "Melrose Park, IL",
    "order": 122,
    "state": "IL"
  },
  "mentor-oh": {
    "been": true,
    "coords": "41.69111111, -81.34194444",
    "country": "US",
    "icons": ["🇺🇸"],
    "link": "https://en.wikipedia.org/wiki/Mentor,_Ohio",
    "name": "Mentor, OH",
    "order": 71,
    "state": "OH"
  },
  "merriman-ne": {
    "been": true,
    "coords": "42.92305556, -101.69972222",
    "country": "US",
    "icons": ["🇺🇸"],
    "link": "https://en.wikipedia.org/wiki/Merriman,_Nebraska",
    "name": "Merriman, NE",
    "order": 193,
    "state": "NE"
  },
  "michigan-city-in": {
    "been": true,
    "coords": "41.73444444, -86.87305556",
    "country": "US",
    "icons": ["🇺🇸"],
    "link": "https://en.wikipedia.org/wiki/Michigan_City,_Indiana",
    "name": "Michigan City, IN",
    "order": 101,
    "state": "IN"
  },
  "middlebury-in": {
    "been": true,
    "coords": "41.66944444, -85.70805556",
    "country": "US",
    "icons": ["🇺🇸"],
    "link": "https://en.wikipedia.org/wiki/Middlebury,_Indiana",
    "name": "Middlebury, IN",
    "order": 95,
    "state": "IN"
  },
  "mishawaka-in": {
    "been": true,
    "coords": "41.65416667, -86.16333333",
    "country": "US",
    "icons": ["🇺🇸"],
    "link": "https://en.wikipedia.org/wiki/Mishawaka,_Indiana",
    "name": "Mishawaka, IN",
    "order": 97,
    "state": "IN"
  },
  "moneta-wy": {
    "been": true,
    "coords": "43.16166667, -107.72472222",
    "country": "US",
    "icons": ["🇺🇸"],
    "link": "https://en.wikipedia.org/wiki/Moneta,_Wyoming",
    "name": "Moneta, WY",
    "order": 209,
    "state": "WY"
  },
  "monroeville-oh": {
    "been": true,
    "coords": "41.24944444, -82.70138889",
    "country": "US",
    "icons": ["🇺🇸"],
    "link": "https://en.wikipedia.org/wiki/Monroeville,_Ohio",
    "name": "Monroeville, OH",
    "order": 82,
    "state": "OH"
  },
  "mountain-home-id": {
    "been": true,
    "coords": "43.12500000, -115.69805556",
    "country": "US",
    "icons": ["🇺🇸"],
    "link": "https://en.wikipedia.org/wiki/Mountain_Home,_Idaho",
    "name": "Mountain Home, ID",
    "order": 228,
    "state": "ID"
  },
  "moville-ia": {
    "been": true,
    "coords": "42.49555556, -96.06777778",
    "country": "US",
    "icons": ["🇺🇸"],
    "link": "https://en.wikipedia.org/wiki/Moville,_Iowa",
    "name": "Moville, IA",
    "order": 163,
    "state": "IA"
  },
  "nassau-ny": {
    "been": true,
    "coords": "42.55000000, -73.55000000",
    "country": "US",
    "icons": ["🇺🇸"],
    "link": "https://en.wikipedia.org/wiki/Nassau,_New_York",
    "name": "Nassau, NY",
    "order": 27,
    "state": "NY"
  },
  "nenzel-ne": {
    "been": true,
    "coords": "42.92722222, -101.10166667",
    "country": "US",
    "icons": ["🇺🇸"],
    "link": "https://en.wikipedia.org/wiki/Nenzel,_Nebraska",
    "name": "Nenzel, NE",
    "order": 191,
    "state": "NE"
  },
  "new-carlisle-in": {
    "been": true,
    "coords": "41.70055556, -86.49638889",
    "country": "US",
    "icons": ["🇺🇸"],
    "link": "https://en.wikipedia.org/wiki/New_Carlisle,_Indiana",
    "name": "New Carlisle, IN",
    "order": 99,
    "state": "IN"
  },
  "new-lebanon-ny": {
    "been": true,
    "coords": "42.46666667, -73.44333333",
    "country": "US",
    "icons": ["🇺🇸"],
    "link": "https://en.wikipedia.org/wiki/New_Lebanon,_New_York",
    "name": "New Lebanon, NY",
    "order": 26,
    "state": "NY"
  },
  "newport-ne": {
    "been": true,
    "coords": "42.60027778, -99.32833333",
    "country": "US",
    "icons": ["🇺🇸"],
    "link": "https://en.wikipedia.org/wiki/Newport,_Nebraska",
    "name": "Newport, NE",
    "order": 182,
    "state": "NE"
  },
  "newport-or": {
    "been": true,
    "coords": "44.63833333, -124.05138889",
    "country": "US",
    "icons": ["🇺🇸"],
    "link": "https://en.wikipedia.org/wiki/Newport,_Oregon",
    "name": "Newport, OR",
    "order": 246,
    "state": "OR"
  },
  "north-east-pa": {
    "been": true,
    "coords": "42.21333333, -79.83361111",
    "country": "US",
    "icons": ["🇺🇸"],
    "link": "https://en.wikipedia.org/wiki/North_East,_Pennsylvania",
    "name": "North East, PA",
    "order": 59,
    "state": "PA"
  },
  "north-ridgeville-oh": {
    "been": true,
    "coords": "41.38500000, -82.01944444",
    "country": "US",
    "icons": ["🇺🇸"],
    "link": "https://en.wikipedia.org/wiki/North_Ridgeville,_Ohio",
    "name": "North Ridgeville, OH",
    "order": 78,
    "state": "OH"
  },
  "northborough-ma": {
    "been": true,
    "coords": "42.31944444, -71.64166667",
    "country": "US",
    "icons": ["🇺🇸"],
    "link": "https://en.wikipedia.org/wiki/Northborough,_Massachusetts",
    "name": "Northborough, MA",
    "order": 7,
    "state": "MA"
  },
  "northlake-il": {
    "been": true,
    "city": "Chicago",
    "coords": "41.91250000, -87.90083333",
    "country": "US",
    "icons": ["🇺🇸"],
    "link": "https://en.wikipedia.org/wiki/Northlake,_Illinois",
    "name": "Northlake, IL",
    "order": 124,
    "state": "IL"
  },
  "norwalk-oh": {
    "been": true,
    "coords": "41.24444444, -82.60888889",
    "country": "US",
    "icons": ["🇺🇸"],
    "link": "https://en.wikipedia.org/wiki/Norwalk,_Ohio",
    "name": "Norwalk, OH",
    "order": 81,
    "state": "OH"
  },
  "nyssa-or": {
    "been": true,
    "coords": "43.87916667, -116.99694444",
    "country": "US",
    "icons": ["🇺🇸"],
    "link": "https://en.wikipedia.org/wiki/Nyssa,_Oregon",
    "name": "Nyssa, OR",
    "order": 232,
    "state": "OR"
  },
  "o'neill-ne": {
    "been": true,
    "coords": "42.46111111, -98.64638889",
    "country": "US",
    "icons": ["🇺🇸"],
    "link": "https://en.wikipedia.org/wiki/O%27Neill,_Nebraska",
    "name": "O'Neill, NE",
    "order": 179,
    "state": "NE"
  },
  "oak-lawn-il": {
    "been": true,
    "city": "Chicago",
    "coords": "41.71500000, -87.75333333",
    "country": "US",
    "icons": ["🇺🇸"],
    "link": "https://en.wikipedia.org/wiki/Oak_Lawn,_Illinois",
    "name": "Oak Lawn, IL",
    "order": 111,
    "state": "IL"
  },
  "oberlin-oh": {
    "been": true,
    "coords": "41.28333333, -82.23333333",
    "country": "US",
    "icons": ["🇺🇸"],
    "link": "https://en.wikipedia.org/wiki/Oberlin,_Ohio",
    "name": "Oberlin, OH",
    "order": 80,
    "state": "OH"
  },
  "odebolt-ia": {
    "been": true,
    "coords": "42.31166667, -95.25138889",
    "country": "US",
    "icons": ["🇺🇸"],
    "link": "https://en.wikipedia.org/wiki/Odebolt,_Iowa",
    "name": "Odebolt, IA",
    "order": 159,
    "state": "IA"
  },
  "orchard-ne": {
    "been": true,
    "coords": "42.33638889, -98.24083333",
    "country": "US",
    "icons": ["🇺🇸"],
    "link": "https://en.wikipedia.org/wiki/Orchard,_Nebraska",
    "name": "Orchard, NE",
    "order": 177,
    "state": "NE"
  },
  "orin-wy": {
    "been": true,
    "coords": "42.65333333, -105.19250000",
    "country": "US",
    "icons": ["🇺🇸"],
    "link": "https://en.wikipedia.org/wiki/Orin,_Wyoming",
    "name": "Orin, WY",
    "order": 203,
    "state": "WY"
  },
  "osmond-ne": {
    "been": true,
    "coords": "42.35833333, -97.59888889",
    "country": "US",
    "icons": ["🇺🇸"],
    "link": "https://en.wikipedia.org/wiki/Osmond,_Nebraska",
    "name": "Osmond, NE",
    "order": 173,
    "state": "NE"
  },
  "painesville-oh": {
    "been": true,
    "coords": "41.73944444, -81.24972222",
    "country": "US",
    "icons": ["🇺🇸"],
    "link": "https://en.wikipedia.org/wiki/Painesville,_Ohio",
    "name": "Painesville, OH",
    "order": 70,
    "state": "OH"
  },
  "palmer-ma": {
    "been": true,
    "coords": "42.15833333, -72.32916667",
    "country": "US",
    "icons": ["🇺🇸"],
    "link": "https://en.wikipedia.org/wiki/Palmer,_Massachusetts",
    "name": "Palmer, MA",
    "order": 14,
    "state": "MA"
  },
  "parma-id": {
    "been": true,
    "coords": "43.78638889, -116.94277778",
    "country": "US",
    "icons": ["🇺🇸"],
    "link": "https://en.wikipedia.org/wiki/Parma,_Idaho",
    "name": "Parma, ID",
    "order": 231,
    "state": "ID"
  },
  "peosta-ia": {
    "been": true,
    "coords": "42.44777778, -90.84444444",
    "country": "US",
    "icons": ["🇺🇸"],
    "link": "https://en.wikipedia.org/wiki/Peosta,_Iowa",
    "name": "Peosta, IA",
    "order": 143,
    "state": "IA"
  },
  "perrysburg-oh": {
    "been": true,
    "coords": "41.53777778, -83.64027778",
    "country": "US",
    "icons": ["🇺🇸"],
    "link": "https://en.wikipedia.org/wiki/Perrysburg,_Ohio",
    "name": "Perrysburg, OH",
    "order": 87,
    "state": "OH"
  },
  "philomath-or": {
    "been": true,
    "coords": "44.54888889, -123.36555556",
    "country": "US",
    "icons": ["🇺🇸"],
    "link": "https://en.wikipedia.org/wiki/Philomath,_Oregon",
    "name": "Philomath, OR",
    "order": 245,
    "state": "OR"
  },
  "picabo-id": {
    "been": true,
    "coords": "43.30583333, -114.06777778",
    "country": "US",
    "icons": ["🇺🇸"],
    "link": "https://en.wikipedia.org/wiki/Picabo,_Idaho",
    "name": "Picabo, ID",
    "order": 226,
    "state": "ID"
  },
  "pittsfield-ma": {
    "been": true,
    "coords": "42.45000000, -73.25000000",
    "country": "US",
    "icons": ["🇺🇸"],
    "link": "https://en.wikipedia.org/wiki/Pittsfield,_Massachusetts",
    "name": "Pittsfield, MA",
    "order": 25,
    "state": "MA"
  },
  "plainview-ne": {
    "been": true,
    "coords": "42.35333333, -97.78722222",
    "country": "US",
    "icons": ["🇺🇸"],
    "link": "https://en.wikipedia.org/wiki/Plainview,_Nebraska",
    "name": "Plainview, NE",
    "order": 174,
    "state": "NE"
  },
  "portage-in": {
    "been": true,
    "coords": "41.60555556, -87.17000000",
    "country": "US",
    "icons": ["🇺🇸"],
    "link": "https://en.wikipedia.org/wiki/Portage,_Indiana",
    "name": "Portage, IN",
    "order": 104,
    "state": "IN"
  },
  "powder-river-wy": {
    "been": true,
    "coords": "43.03472222, -106.99055556",
    "country": "US",
    "icons": ["🇺🇸"],
    "link": "https://en.wikipedia.org/wiki/Powder_River,_Wyoming",
    "name": "Powder River, WY",
    "order": 207,
    "state": "WY"
  },
  "randolph-ne": {
    "been": true,
    "coords": "42.37777778, -97.35777778",
    "country": "US",
    "icons": ["🇺🇸"],
    "link": "https://en.wikipedia.org/wiki/Randolph,_Nebraska",
    "name": "Randolph, NE",
    "order": 172,
    "state": "NE"
  },
  "rensselaer-ny": {
    "been": true,
    "coords": "42.64666667, -73.73361111",
    "country": "US",
    "icons": ["🇺🇸"],
    "link": "https://en.wikipedia.org/wiki/Rensselaer,_New_York",
    "name": "Rensselaer, NY",
    "order": 29,
    "state": "NY"
  },
  "rexburg-id": {
    "been": true,
    "coords": "43.82611111, -111.78388889",
    "country": "US",
    "icons": ["🇺🇸"],
    "link": "https://en.wikipedia.org/wiki/Rexburg,_Idaho",
    "name": "Rexburg, ID",
    "order": 221,
    "state": "ID"
  },
  "richfield-springs-ny": {
    "been": true,
    "coords": "42.85305556, -74.98750000",
    "country": "US",
    "icons": ["🇺🇸"],
    "link": "https://en.wikipedia.org/wiki/Richfield_Springs,_New_York",
    "name": "Richfield Springs, NY",
    "order": 35,
    "state": "NY"
  },
  "riley-or": {
    "been": true,
    "coords": "43.54166667, -119.50388889",
    "country": "US",
    "icons": ["🇺🇸"],
    "link": "https://en.wikipedia.org/wiki/Riley,_Oregon",
    "name": "Riley, OR",
    "order": 237,
    "state": "OR"
  },
  "ripley-ny": {
    "been": true,
    "coords": "42.26166667, -79.69805556",
    "country": "US",
    "icons": ["🇺🇸"],
    "link": "https://en.wikipedia.org/wiki/Ripley,_New_York",
    "name": "Ripley, NY",
    "order": 58,
    "state": "NY"
  },
  "rockford-il": {
    "been": true,
    "coords": "42.27113000, -89.09400000",
    "country": "US",
    "icons": ["🇺🇸"],
    "link": "https://en.wikipedia.org/wiki/Rockford,_Illinois",
    "name": "Rockford, IL",
    "order": 133,
    "state": "IL"
  },
  "rockwell-city-ia": {
    "been": true,
    "coords": "42.39583333, -94.63305556",
    "country": "US",
    "icons": ["🇺🇸"],
    "link": "https://en.wikipedia.org/wiki/Rockwell_City,_Iowa",
    "name": "Rockwell City, IA",
    "order": 157,
    "state": "IA"
  },
  "rocky-river-oh": {
    "been": true,
    "city": "Cleveland",
    "coords": "41.47527778, -81.84583333",
    "country": "US",
    "icons": ["🇺🇸"],
    "link": "https://en.wikipedia.org/wiki/Rocky_River,_Ohio",
    "name": "Rocky River, OH",
    "order": 77,
    "state": "OH"
  },
  "rolling-prairie-in": {
    "been": true,
    "coords": "41.67305556, -86.62388889",
    "country": "US",
    "icons": ["🇺🇸"],
    "link": "https://en.wikipedia.org/wiki/Rolling_Prairie,_Indiana",
    "name": "Rolling Prairie, IN",
    "order": 100,
    "state": "IN"
  },
  "royal-ne": {
    "been": true,
    "coords": "42.33305556, -98.12500000",
    "country": "US",
    "icons": ["🇺🇸"],
    "link": "https://en.wikipedia.org/wiki/Royal,_Nebraska",
    "name": "Royal, NE",
    "order": 176,
    "state": "NE"
  },
  "rushville-ne": {
    "been": true,
    "coords": "42.71333333, -102.46666667",
    "country": "US",
    "icons": ["🇺🇸"],
    "link": "https://en.wikipedia.org/wiki/Rushville,_Nebraska",
    "name": "Rushville, NE",
    "order": 196,
    "state": "NE"
  },
  "russell-ma": {
    "been": true,
    "coords": "42.18972222, -72.85972222",
    "country": "US",
    "icons": ["🇺🇸"],
    "link": "https://en.wikipedia.org/wiki/Russell,_Massachusetts",
    "name": "Russell, MA",
    "order": 19,
    "state": "MA"
  },
  "sac-city-ia": {
    "been": true,
    "coords": "42.42166667, -95.00722222",
    "country": "US",
    "icons": ["🇺🇸"],
    "link": "https://en.wikipedia.org/wiki/Sac_City,_Iowa",
    "name": "Sac City, IA",
    "order": 158,
    "state": "IA"
  },
  "seneca-falls-ny": {
    "been": true,
    "coords": "42.90861111, -76.79805556",
    "country": "US",
    "icons": ["🇺🇸"],
    "link": "https://en.wikipedia.org/wiki/Seneca_Falls,_New_York",
    "name": "Seneca Falls, NY",
    "order": 41,
    "state": "NY"
  },
  "sharon-springs-ny": {
    "been": true,
    "coords": "42.79472222, -74.61583333",
    "country": "US",
    "icons": ["🇺🇸"],
    "link": "https://en.wikipedia.org/wiki/Sharon_Springs,_New_York",
    "name": "Sharon Springs, NY",
    "order": 34,
    "state": "NY"
  },
  "shoshoni-wy": {
    "been": true,
    "coords": "43.24027778, -108.11444444",
    "country": "US",
    "icons": ["🇺🇸"],
    "link": "https://en.wikipedia.org/wiki/Shoshoni,_Wyoming",
    "name": "Shoshoni, WY",
    "order": 210,
    "state": "WY"
  },
  "shrewsbury-ma": {
    "been": true,
    "coords": "42.29583333, -71.71333333",
    "country": "US",
    "icons": ["🇺🇸"],
    "link": "https://en.wikipedia.org/wiki/Shrewsbury,_Massachusetts",
    "name": "Shrewsbury, MA",
    "order": 8,
    "state": "MA"
  },
  "silver-creek-ny": {
    "been": true,
    "coords": "42.54416667, -79.16722222",
    "country": "US",
    "icons": ["🇺🇸"],
    "link": "https://en.wikipedia.org/wiki/Silver_Creek,_New_York",
    "name": "Silver Creek, NY",
    "order": 55,
    "state": "NY"
  },
  "sioux-city-ia": {
    "been": true,
    "coords": "42.49805556, -96.39555556",
    "country": "US",
    "icons": ["🇺🇸"],
    "link": "https://en.wikipedia.org/wiki/Sioux_City,_Iowa",
    "name": "Sioux City, IA",
    "order": 165,
    "state": "IA"
  },
  "sisters-or": {
    "been": true,
    "coords": "44.29277778, -121.55305556",
    "country": "US",
    "icons": ["🇺🇸"],
    "link": "https://en.wikipedia.org/wiki/Sisters,_Oregon",
    "name": "Sisters, OR",
    "order": 240,
    "state": "OR"
  },
  "skaneateles-ny": {
    "been": true,
    "coords": "42.94666667, -76.42833333",
    "country": "US",
    "icons": ["🇺🇸"],
    "link": "https://en.wikipedia.org/wiki/Skaneateles,_New_York",
    "name": "Skaneateles, NY",
    "order": 39,
    "state": "NY"
  },
  "south-bend-in": {
    "been": true,
    "coords": "41.67638889, -86.26944444",
    "country": "US",
    "icons": ["🇺🇸"],
    "link": "https://en.wikipedia.org/wiki/South_Bend,_Indiana",
    "name": "South Bend, IN",
    "order": 98,
    "state": "IN"
  },
  "south-sioux-city-ne": {
    "been": true,
    "coords": "42.46277778, -96.41250000",
    "country": "US",
    "icons": ["🇺🇸"],
    "link": "https://en.wikipedia.org/wiki/South_Sioux_City,_Nebraska",
    "name": "South Sioux City, NE",
    "order": 166,
    "state": "NE"
  },
  "springfield-ma": {
    "been": true,
    "coords": "42.101389, -72.590278",
    "country": "US",
    "icons": ["🇺🇸"],
    "link": "https://en.wikipedia.org/wiki/Springfield,_Massachusetts",
    "name": "Springfield, MA",
    "order": 16,
    "state": "MA"
  },
  "st-anthony-id": {
    "been": true,
    "coords": "43.96638889, -111.68416667",
    "country": "US",
    "icons": ["🇺🇸"],
    "link": "https://en.wikipedia.org/wiki/St._Anthony,_Idaho",
    "name": "St. Anthony, ID",
    "order": 220,
    "state": "ID"
  },
  "stockton-il": {
    "been": true,
    "coords": "42.35027778, -90.00611111",
    "country": "US",
    "icons": ["🇺🇸"],
    "link": "https://en.wikipedia.org/wiki/Stockton,_Illinois",
    "name": "Stockton, IL",
    "order": 138,
    "state": "IL"
  },
  "stone-park-il": {
    "been": true,
    "city": "Chicago",
    "coords": "41.90444444, -87.88055556",
    "country": "US",
    "icons": ["🇺🇸"],
    "link": "https://en.wikipedia.org/wiki/Stone_Park,_Illinois",
    "name": "Stone Park, IL",
    "order": 123,
    "state": "IL"
  },
  "stuart-ne": {
    "been": true,
    "coords": "42.60083333, -99.14055556",
    "country": "US",
    "icons": ["🇺🇸"],
    "link": "https://en.wikipedia.org/wiki/Stuart,_Nebraska",
    "name": "Stuart, NE",
    "order": 181,
    "state": "NE"
  },
  "sturbridge-ma": {
    "been": true,
    "coords": "42.10833333, -72.07916667",
    "country": "US",
    "icons": ["🇺🇸"],
    "link": "https://en.wikipedia.org/wiki/Sturbridge,_Massachusetts",
    "name": "Sturbridge, MA",
    "order": 12,
    "state": "MA"
  },
  "sudbury-ma": {
    "been": true,
    "coords": "42.38333333, -71.41666667",
    "country": "US",
    "icons": ["🇺🇸"],
    "link": "https://en.wikipedia.org/wiki/Sudbury,_Massachusetts",
    "name": "Sudbury, MA",
    "order": 5,
    "state": "MA"
  },
  "sweet-home-or": {
    "been": true,
    "coords": "44.40138889, -122.72000000",
    "country": "US",
    "icons": ["🇺🇸"],
    "link": "https://en.wikipedia.org/wiki/Sweet_Home,_Oregon",
    "name": "Sweet Home, OR",
    "order": 241,
    "state": "OR"
  },
  "sylvania-oh": {
    "been": true,
    "coords": "41.71027778, -83.70944444",
    "country": "US",
    "icons": ["🇺🇸"],
    "link": "https://en.wikipedia.org/wiki/Sylvania,_Ohio",
    "name": "Sylvania, OH",
    "order": 90,
    "state": "OH"
  },
  "thermopolis-wy": {
    "been": true,
    "coords": "43.64777778, -108.21388889",
    "country": "US",
    "icons": ["🇺🇸"],
    "link": "https://en.wikipedia.org/wiki/Thermopolis,_Wyoming",
    "name": "Thermopolis, WY",
    "order": 211,
    "state": "WY"
  },
  "toledo-oh": {
    "been": true,
    "coords": "41.65250000, -83.53750000",
    "country": "US",
    "icons": ["🇺🇸"],
    "link": "https://en.wikipedia.org/wiki/Toledo,_Ohio",
    "name": "Toledo, OH",
    "order": 89,
    "state": "OH"
  },
  "town-of-pines-in": {
    "been": true,
    "coords": "41.68833333, -86.95166667",
    "country": "US",
    "icons": ["🇺🇸"],
    "link": "https://en.wikipedia.org/wiki/Town_of_Pines,_Indiana",
    "name": "Town of Pines, IN",
    "order": 102,
    "state": "IN"
  },
  "vale-or": {
    "been": true,
    "coords": "43.98305556, -117.24722222",
    "country": "US",
    "icons": ["🇺🇸"],
    "link": "https://en.wikipedia.org/wiki/Vale,_Oregon",
    "name": "Vale, OR",
    "order": 233,
    "state": "OR"
  },
  "valentine-ne": {
    "been": true,
    "coords": "42.87361111, -100.55027778",
    "country": "US",
    "icons": ["🇺🇸"],
    "link": "https://en.wikipedia.org/wiki/Valentine,_Nebraska",
    "name": "Valentine, NE",
    "order": 188,
    "state": "NE"
  },
  "van-tassell-wy": {
    "been": true,
    "coords": "42.66277000, -104.08980000",
    "country": "US",
    "icons": ["🇺🇸"],
    "link": "https://en.wikipedia.org/wiki/Van_Tassell,_Wyoming",
    "name": "Van Tassell, WY",
    "order": 201,
    "state": "WY"
  },
  "waltham-ma": {
    "been": true,
    "coords": "42.37638889, -71.23611111",
    "country": "US",
    "icons": ["🇺🇸"],
    "link": "https://en.wikipedia.org/wiki/Waltham,_Massachusetts",
    "name": "Waltham, MA",
    "order": 2,
    "state": "MA"
  },
  "wapiti-wy": {
    "been": true,
    "coords": "44.46861111, -109.43777778",
    "country": "US",
    "icons": ["🇺🇸"],
    "link": "https://en.wikipedia.org/wiki/Wapiti,_Wyoming",
    "name": "Wapiti, WY",
    "order": 215,
    "state": "WY"
  },
  "waterbury-ne": {
    "been": true,
    "coords": "42.45722222, -96.73555556",
    "country": "US",
    "icons": ["🇺🇸"],
    "link": "https://en.wikipedia.org/wiki/Waterbury,_Nebraska",
    "name": "Waterbury, NE",
    "order": 169,
    "state": "NE"
  },
  "waterloo-ia": {
    "been": true,
    "coords": "42.51388889, -92.34611111",
    "country": "US",
    "icons": ["🇺🇸"],
    "link": "https://en.wikipedia.org/wiki/Waterloo,_Iowa",
    "name": "Waterloo, IA",
    "order": 149,
    "state": "IA"
  },
  "waterloo-ny": {
    "been": true,
    "coords": "42.92111111, -76.86166667",
    "country": "US",
    "icons": ["🇺🇸"],
    "link": "https://en.wikipedia.org/wiki/Waterloo,_New_York",
    "name": "Waterloo, NY",
    "order": 42,
    "state": "NY"
  },
  "watertown-ma": {
    "been": true,
    "coords": "42.37083333, -71.18333333",
    "country": "US",
    "icons": ["🇺🇸"],
    "link": "https://en.wikipedia.org/wiki/Watertown,_Massachusetts",
    "name": "Watertown, MA",
    "order": 1,
    "state": "MA"
  },
  "wayland-ma": {
    "been": true,
    "coords": "42.36250000, -71.36138889",
    "country": "US",
    "icons": ["🇺🇸"],
    "link": "https://en.wikipedia.org/wiki/Wayland,_Massachusetts",
    "name": "Wayland, MA",
    "order": 4,
    "state": "MA"
  },
  "webster-city-ia": {
    "been": true,
    "coords": "42.46222222, -93.81666667",
    "country": "US",
    "icons": ["🇺🇸"],
    "link": "https://en.wikipedia.org/wiki/Webster_City,_Iowa",
    "name": "Webster City, IA",
    "order": 154,
    "state": "IA"
  },
  "wesleyville-pa": {
    "been": true,
    "coords": "42.13694444, -80.01250000",
    "country": "US",
    "icons": ["🇺🇸"],
    "link": "https://en.wikipedia.org/wiki/Wesleyville,_Pennsylvania",
    "name": "Wesleyville, PA",
    "order": 61,
    "state": "PA"
  },
  "west-seneca-ny": {
    "been": true,
    "city": "Buffalo",
    "coords": "42.83916667, -78.76083333",
    "country": "US",
    "icons": ["🇺🇸"],
    "link": "https://en.wikipedia.org/wiki/West_Seneca,_New_York",
    "name": "West Seneca, NY",
    "order": 52,
    "state": "NY"
  },
  "west-springfield-ma": {
    "been": true,
    "coords": "42.10694444, -72.62083333",
    "country": "US",
    "icons": ["🇺🇸"],
    "link": "https://en.wikipedia.org/wiki/West_Springfield,_Massachusetts",
    "name": "West Springfield, MA",
    "order": 17,
    "state": "MA"
  },
  "west-springfield-pa": {
    "been": true,
    "coords": "41.96666667, -80.50805556",
    "country": "US",
    "icons": ["🇺🇸"],
    "link": "https://en.wikipedia.org/wiki/West_Springfield,_Pennsylvania",
    "name": "West Springfield, PA",
    "order": 66,
    "state": "PA"
  },
  "west-yellowstone-mt": {
    "been": true,
    "coords": "44.66222222, -111.10694444",
    "country": "US",
    "icons": ["🇺🇸"],
    "link": "https://en.wikipedia.org/wiki/West_Yellowstone,_Montana",
    "name": "West Yellowstone, MT",
    "order": 217,
    "state": "MT"
  },
  "westchester-il": {
    "been": true,
    "city": "Chicago",
    "coords": "41.85388889, -87.88361111",
    "country": "US",
    "icons": ["🇺🇸"],
    "link": "https://en.wikipedia.org/wiki/Westchester,_Illinois",
    "name": "Westchester, IL",
    "order": 119,
    "state": "IL"
  },
  "westfield-ma": {
    "been": true,
    "coords": "42.12500000, -72.75000000",
    "country": "US",
    "icons": ["🇺🇸"],
    "link": "https://en.wikipedia.org/wiki/Westfield,_Massachusetts",
    "name": "Westfield, MA",
    "order": 18,
    "state": "MA"
  },
  "westfield-ny": {
    "been": true,
    "coords": "42.31666667, -79.58333333",
    "country": "US",
    "icons": ["🇺🇸"],
    "link": "https://en.wikipedia.org/wiki/Westfield,_New_York",
    "name": "Westfield, NY",
    "order": 57,
    "state": "NY"
  },
  "weston-ma": {
    "been": true,
    "coords": "42.36666667, -71.30305556",
    "country": "US",
    "icons": ["🇺🇸"],
    "link": "https://en.wikipedia.org/wiki/Weston,_Massachusetts",
    "name": "Weston, MA",
    "order": 3,
    "state": "MA"
  },
  "whiting-in": {
    "been": true,
    "city": "Chicago",
    "coords": "41.67305556, -87.48416667",
    "country": "US",
    "icons": ["🇺🇸"],
    "link": "https://en.wikipedia.org/wiki/Whiting,_Indiana",
    "name": "Whiting, IN",
    "order": 108,
    "state": "IN"
  },
  "wickliffe-oh": {
    "been": true,
    "coords": "41.60722222, -81.46888889",
    "country": "US",
    "icons": ["🇺🇸"],
    "link": "https://en.wikipedia.org/wiki/Wickliffe,_Ohio",
    "name": "Wickliffe, OH",
    "order": 73,
    "state": "OH"
  },
  "wilbraham-ma": {
    "been": true,
    "coords": "42.12361111, -72.43194444",
    "country": "US",
    "icons": ["🇺🇸"],
    "link": "https://en.wikipedia.org/wiki/Wilbraham,_Massachusetts",
    "name": "Wilbraham, MA",
    "order": 15,
    "state": "MA"
  },
  "willis-ne": {
    "been": true,
    "coords": "42.47527778, -96.62888889",
    "country": "US",
    "icons": ["🇺🇸"],
    "link": "https://en.wikipedia.org/wiki/Willis,_Nebraska",
    "name": "Willis, NE",
    "order": 168,
    "state": "NE"
  },
  "willoughby-oh": {
    "been": true,
    "coords": "41.63472222, -81.40833333",
    "country": "US",
    "icons": ["🇺🇸"],
    "link": "https://en.wikipedia.org/wiki/Willoughby,_Ohio",
    "name": "Willoughby, OH",
    "order": 72,
    "state": "OH"
  },
  "willow-springs-il": {
    "been": true,
    "city": "Chicago",
    "coords": "41.73750000, -87.87777778",
    "country": "US",
    "icons": ["🇺🇸"],
    "link": "https://en.wikipedia.org/wiki/Willow_Springs,_Illinois",
    "name": "Willow Springs, IL",
    "order": 115,
    "state": "IL"
  },
  "winnebago-il": {
    "been": true,
    "coords": "42.26555556, -89.24055556",
    "country": "US",
    "icons": ["🇺🇸"],
    "link": "https://en.wikipedia.org/wiki/Winnebago,_Illinois",
    "name": "Winnebago, IL",
    "order": 134,
    "state": "IL"
  },
  "wood-lake-ne": {
    "been": true,
    "coords": "42.63861111, -100.23750000",
    "country": "US",
    "icons": ["🇺🇸"],
    "link": "https://en.wikipedia.org/wiki/Wood_Lake,_Nebraska",
    "name": "Wood Lake, NE",
    "order": 187,
    "state": "NE"
  },
  "woodville-oh": {
    "been": true,
    "coords": "41.45194444, -83.37388889",
    "country": "US",
    "icons": ["🇺🇸"],
    "link": "https://en.wikipedia.org/wiki/Woodville,_Ohio",
    "name": "Woodville, OH",
    "order": 86,
    "state": "OH"
  },
  "worcester-ma": {
    "been": true,
    "coords": "42.271389, -71.798889",
    "country": "US",
    "icons": ["🇺🇸"],
    "link": "https://en.wikipedia.org/wiki/Worcester,_Massachusetts",
    "name": "Worcester, MA",
    "order": 9,
    "state": "MA"
  },
  "worland-wy": {
    "been": true,
    "coords": "44.01666667, -107.95833333",
    "country": "US",
    "icons": ["🇺🇸"],
    "link": "https://en.wikipedia.org/wiki/Worland,_Wyoming",
    "name": "Worland, WY",
    "order": 212,
    "state": "WY"
  },
  "yellowstone-national-park-wy": {
    "been": true,
    "coords": "44.60000000, -110.50000000",
    "country": "US",
    "icons": ["🇺🇸"],
    "link": "https://en.wikipedia.org/wiki/Yellowstone_National_Park",
    "name": "Yellowstone National Park, WY",
    "order": 216,
    "state": "WY"
  },
  "yellowstone-wy": {
    "been": true,
    "coords": "44.60000000, -110.50000000",
    "country": "US",
    "icons": ["🇺🇸"],
    "link": "https://en.wikipedia.org/wiki/Yellowstone_National_Park",
    "name": "Yellowstone National Park, WY",
    "order": 217,
    "state": "WY"
  }
}