{
  "--info--": {
    "icon": "ğŸ›",
    "map": {
      "cluster": "false",
      "lat": "37",
      "lon": "-95",
      "zoom": "4"
    },
    "name": "State Capitals",
    "size": "large",
    "type": "place"
  },
  "albany": {
    "been": true,
    "coords": "42.65250000, -73.75722222",
    "country": "US",
    "icons": ["🇺🇸"],
    "link": "https://en.wikipedia.org/wiki/Albany,_New_York",
    "name": "Albany",
    "state": "NY"
  },
  "annapolis": {
    "been": true,
    "coords": "38.97305556, -76.50111111",
    "country": "US",
    "icons": ["🇺🇸"],
    "link": "https://en.wikipedia.org/wiki/Annapolis,_Maryland",
    "name": "Annapolis",
    "state": "MD"
  },
  "atlanta": {
    "been": true,
    "city": "Atlanta",
    "coords": "33.74888889, -84.39000000",
    "country": "US",
    "icons": ["🇺🇸"],
    "link": "https://en.wikipedia.org/wiki/Atlanta",
    "name": "Atlanta",
    "state": "GA"
  },
  "augusta": {
    "been": false,
    "coords": "44.31055556, -69.77944444",
    "country": "US",
    "icons": ["🇺🇸"],
    "link": "https://en.wikipedia.org/wiki/Augusta,_Maine",
    "name": "Augusta",
    "state": "ME"
  },
  "austin": {
    "been": false,
    "city": "Austin",
    "coords": "30.267222, -97.743056",
    "country": "US",
    "icons": ["🇺🇸"],
    "link": "https://en.wikipedia.org/wiki/Austin,_Texas",
    "name": "Austin",
    "state": "TX"
  },
  "baton-rouge": {
    "been": false,
    "coords": "30.44750000, -91.17861111",
    "country": "US",
    "icons": ["🇺🇸"],
    "link": "https://en.wikipedia.org/wiki/Baton_Rouge,_Louisiana",
    "name": "Baton Rouge",
    "state": "LA"
  },
  "bismarck": {
    "been": false,
    "coords": "46.81427500, -100.76940556",
    "country": "US",
    "icons": ["🇺🇸"],
    "link": "https://en.wikipedia.org/wiki/Bismarck,_North_Dakota",
    "name": "Bismarck",
    "state": "ND"
  },
  "boise": {
    "been": true,
    "city": "Boise",
    "coords": "43.61583333, -116.20166667",
    "country": "US",
    "icons": ["🇺🇸"],
    "link": "https://en.wikipedia.org/wiki/Boise,_Idaho",
    "name": "Boise",
    "state": "ID"
  },
  "boston": {
    "been": true,
    "city": "Boston",
    "coords": "42.31861111, -70.99111111",
    "country": "US",
    "icons": ["🇺🇸"],
    "link": "https://en.wikipedia.org/wiki/Boston",
    "name": "Boston",
    "state": "MA"
  },
  "carson-city": {
    "been": false,
    "coords": "39.16444444, -119.76694444",
    "country": "US",
    "icons": ["🇺🇸"],
    "link": "https://en.wikipedia.org/wiki/Carson_City,_Nevada",
    "name": "Carson City",
    "state": "NV"
  },
  "charleston": {
    "been": false,
    "coords": "38.34720000, -81.63330000",
    "country": "US",
    "icons": ["🇺🇸"],
    "link": "https://en.wikipedia.org/wiki/Charleston,_West_Virginia",
    "name": "Charleston",
    "state": "WV"
  },
  "cheyenne": {
    "been": true,
    "coords": "41.14000000, -104.82027778",
    "country": "US",
    "icons": ["🇺🇸"],
    "link": "https://en.wikipedia.org/wiki/Cheyenne,_Wyoming",
    "name": "Cheyenne",
    "state": "WY"
  },
  "columbia": {
    "been": false,
    "coords": "34.00050000, -81.03470000",
    "country": "US",
    "icons": ["🇺🇸"],
    "link": "https://en.wikipedia.org/wiki/Columbia,_South_Carolina",
    "name": "Columbia",
    "state": "SC"
  },
  "columbus": {
    "been": false,
    "city": "Columbus",
    "coords": "39.96222222, -83.00055556",
    "country": "US",
    "icons": ["🇺🇸"],
    "link": "https://en.wikipedia.org/wiki/Columbus,_Ohio",
    "name": "Columbus",
    "state": "OH"
  },
  "concord": {
    "been": false,
    "coords": "43.20666667, -71.53805556",
    "country": "US",
    "icons": ["🇺🇸"],
    "link": "https://en.wikipedia.org/wiki/Concord,_New_Hampshire",
    "name": "Concord",
    "state": "NH"
  },
  "denver": {
    "been": true,
    "city": "Denver",
    "coords": "39.73920000, -104.98490000",
    "country": "US",
    "icons": ["🇺🇸"],
    "link": "https://en.wikipedia.org/wiki/Denver",
    "name": "Denver",
    "state": "CO"
  },
  "des-moines": {
    "been": false,
    "coords": "41.59083333, -93.62083333",
    "country": "US",
    "icons": ["🇺🇸"],
    "link": "https://en.wikipedia.org/wiki/Des_Moines,_Iowa",
    "name": "Des Moines",
    "state": "IA"
  },
  "dover": {
    "been": true,
    "coords": "39.15805556, -75.52444444",
    "country": "US",
    "icons": ["🇺🇸"],
    "link": "https://en.wikipedia.org/wiki/Dover,_Delaware",
    "name": "Dover",
    "state": "DE"
  },
  "frankfort": {
    "been": false,
    "coords": "38.20000000, -84.86666667",
    "country": "US",
    "icons": ["🇺🇸"],
    "link": "https://en.wikipedia.org/wiki/Frankfort,_Kentucky",
    "name": "Frankfort",
    "state": "KY"
  },
  "harrisburg": {
    "been": true,
    "coords": "40.27530000, -76.88880000",
    "country": "US",
    "icons": ["🇺🇸"],
    "link": "https://en.wikipedia.org/wiki/Harrisburg,_Pennsylvania",
    "name": "Harrisburg",
    "state": "PA"
  },
  "hartford": {
    "been": true,
    "coords": "41.76250000, -72.67416667",
    "country": "US",
    "icons": ["🇺🇸"],
    "link": "https://en.wikipedia.org/wiki/Hartford,_Connecticut",
    "name": "Hartford",
    "state": "CT"
  },
  "helena": {
    "been": false,
    "coords": "46.59638889, -112.02638889",
    "country": "US",
    "icons": ["🇺🇸"],
    "link": "https://en.wikipedia.org/wiki/Helena,_Montana",
    "name": "Helena",
    "state": "MT"
  },
  "honolulu": {
    "been": false,
    "city": "Honolulu",
    "coords": "21.30000000, -157.85000000",
    "country": "US",
    "icons": ["🇺🇸"],
    "link": "https://en.wikipedia.org/wiki/Honolulu",
    "name": "Honolulu",
    "state": "HI"
  },
  "indianapolis": {
    "been": true,
    "coords": "39.76861111, -86.15805556",
    "country": "US",
    "icons": ["🇺🇸"],
    "link": "https://en.wikipedia.org/wiki/Indianapolis",
    "name": "Indianapolis",
    "state": "IN"
  },
  "jackson": {
    "been": false,
    "coords": "32.29888889, -90.18472222",
    "country": "US",
    "icons": ["🇺🇸"],
    "link": "https://en.wikipedia.org/wiki/Jackson,_Mississippi",
    "name": "Jackson",
    "state": "MS"
  },
  "jefferson-city": {
    "been": false,
    "coords": "38.56777778, -92.17583333",
    "country": "US",
    "icons": ["🇺🇸"],
    "link": "https://en.wikipedia.org/wiki/Jefferson_City,_Missouri",
    "name": "Jefferson City",
    "state": "MO"
  },
  "juneau": {
    "been": false,
    "coords": "64.06850000, -154.27819444",
    "country": "US",
    "icons": ["🇺🇸"],
    "link": "https://en.wikipedia.org/wiki/Juneau,_Alaska",
    "name": "Juneau",
    "state": "AK"
  },
  "lansing": {
    "been": false,
    "coords": "42.71416667, -84.56000000",
    "country": "US",
    "icons": ["🇺🇸"],
    "link": "https://en.wikipedia.org/wiki/Lansing,_Michigan",
    "name": "Lansing",
    "state": "MI"
  },
  "lincoln": {
    "been": true,
    "coords": "40.80916667, -96.67805556",
    "country": "US",
    "icons": ["🇺🇸"],
    "link": "https://en.wikipedia.org/wiki/Lincoln,_Nebraska",
    "name": "Lincoln",
    "state": "NE"
  },
  "little-rock": {
    "been": true,
    "coords": "34.72500000, -92.33500000",
    "country": "US",
    "icons": ["🇺🇸"],
    "link": "https://en.wikipedia.org/wiki/Little_Rock,_Arkansas",
    "name": "Little Rock",
    "state": "AR"
  },
  "madison": {
    "been": false,
    "coords": "43.07472222, -89.38416667",
    "country": "US",
    "icons": ["🇺🇸"],
    "link": "https://en.wikipedia.org/wiki/Madison,_Wisconsin",
    "name": "Madison",
    "state": "WI"
  },
  "montgomery": {
    "been": false,
    "coords": "32.36166667, -86.27916667",
    "country": "US",
    "icons": ["🇺🇸"],
    "link": "https://en.wikipedia.org/wiki/Montgomery,_Alabama",
    "name": "Montgomery",
    "state": "AL"
  },
  "montpelier": {
    "been": false,
    "coords": "44.25944444, -72.57583333",
    "country": "US",
    "icons": ["🇺🇸"],
    "link": "https://en.wikipedia.org/wiki/Montpelier,_Vermont",
    "name": "Montpelier",
    "state": "VT"
  },
  "nashville": {
    "been": true,
    "coords": "36.16222222, -86.77444444",
    "country": "US",
    "icons": ["🇺🇸"],
    "link": "https://en.wikipedia.org/wiki/Nashville,_Tennessee",
    "name": "Nashville",
    "state": "TN"
  },
  "oklahoma-city": {
    "been": true,
    "coords": "35.46861111, -97.52138889",
    "country": "US",
    "icons": ["🇺🇸"],
    "link": "https://en.wikipedia.org/wiki/Oklahoma_City",
    "name": "Oklahoma City",
    "state": "OK"
  },
  "olympia": {
    "been": true,
    "coords": "47.03777778, -122.90083333",
    "country": "US",
    "icons": ["🇺🇸"],
    "link": "https://en.wikipedia.org/wiki/Olympia,_Washington",
    "name": "Olympia",
    "state": "WA"
  },
  "phoenix": {
    "been": true,
    "city": "Phoenix",
    "coords": "33.58530000, -112.07390000",
    "country": "US",
    "icons": ["🇺🇸"],
    "link": "https://en.wikipedia.org/wiki/Phoenix,_Arizona",
    "name": "Phoenix",
    "state": "AZ"
  },
  "pierre": {
    "been": false,
    "coords": "44.37472222, -100.32055556",
    "country": "US",
    "icons": ["🇺🇸"],
    "link": "https://en.wikipedia.org/wiki/Pierre,_South_Dakota",
    "name": "Pierre",
    "state": "SD"
  },
  "providence": {
    "been": true,
    "coords": "41.82361111, -71.42222222",
    "country": "US",
    "icons": ["🇺🇸"],
    "link": "https://en.wikipedia.org/wiki/Providence,_Rhode_Island",
    "name": "Providence",
    "state": "RI"
  },
  "raleigh": {
    "been": false,
    "coords": "35.85416667, -78.76194444",
    "country": "US",
    "icons": ["🇺🇸"],
    "link": "https://en.wikipedia.org/wiki/Raleigh,_North_Carolina",
    "name": "Raleigh",
    "state": "NC"
  },
  "richmond": {
    "been": true,
    "city": "Richmond",
    "coords": "37.54083333, -77.43666667",
    "country": "US",
    "icons": ["🇺🇸"],
    "link": "https://en.wikipedia.org/wiki/Richmond,_Virginia",
    "name": "Richmond",
    "state": "VA"
  },
  "sacramento": {
    "been": true,
    "coords": "38.55833333, -121.48611111",
    "country": "US",
    "icons": ["🇺🇸"],
    "link": "https://en.wikipedia.org/wiki/Sacramento,_California",
    "name": "Sacramento",
    "state": "CA"
  },
  "saint-paul": {
    "been": false,
    "coords": "44.99861111, -93.48583333",
    "country": "US",
    "icons": ["🇺🇸"],
    "link": "https://en.wikipedia.org/wiki/Saint_Paul,_Minnesota",
    "name": "Saint Paul",
    "state": "MN"
  },
  "salem": {
    "been": true,
    "coords": "44.92305556, -123.02444444",
    "country": "US",
    "icons": ["🇺🇸"],
    "link": "https://en.wikipedia.org/wiki/Salem,_Oregon",
    "name": "Salem",
    "state": "OR"
  },
  "salt-lake-city": {
    "been": true,
    "city": "Salt Lake City",
    "coords": "40.77083300, -111.92111100",
    "country": "US",
    "icons": ["🇺🇸"],
    "link": "https://en.wikipedia.org/wiki/Salt_Lake_City",
    "name": "Salt Lake City",
    "state": "UT"
  },
  "santa-fe": {
    "been": true,
    "city": "Santa Fe",
    "coords": "35.66722222, -105.96444444",
    "country": "US",
    "icons": ["🇺🇸"],
    "link": "https://en.wikipedia.org/wiki/Santa_Fe,_New_Mexico",
    "name": "Santa Fe",
    "state": "NM"
  },
  "springfield": {
    "been": false,
    "coords": "39.7975, -89.645",
    "country": "US",
    "icons": ["🇺🇸"],
    "link": "https://en.wikipedia.org/wiki/Springfield,_Illinois",
    "name": "Springfield",
    "state": "IL",
    "wikidata": "Q28515"
  },
  "state-capitals": {
    "been": true,
    "icons": ["ğŸ›"],
    "name": "State Capitals"
  },
  "tallahassee": {
    "been": false,
    "coords": "30.45500000, -84.25333333",
    "country": "US",
    "icons": ["🇺🇸"],
    "link": "https://en.wikipedia.org/wiki/Tallahassee,_Florida",
    "name": "Tallahassee",
    "state": "FL"
  },
  "topeka": {
    "been": true,
    "coords": "39.01516500, -95.68762700",
    "country": "US",
    "icons": ["🇺🇸"],
    "link": "https://en.wikipedia.org/wiki/Topeka,_Kansas",
    "name": "Topeka",
    "state": "KS"
  },
  "trenton": {
    "been": true,
    "coords": "40.22027778, -74.76583333",
    "country": "US",
    "icons": ["🇺🇸"],
    "link": "https://en.wikipedia.org/wiki/Trenton,_New_Jersey",
    "name": "Trenton",
    "state": "NJ"
  }
}